0,1,2,3,4,5,6,7,8,9,10,11,12,13,14,15,16,17,18,19,20,21,22,23,24,25,26,27,28,29,30,31,32,33,34,35,36,37,38,39,40,41,42,43,44,45,46,47,48,49
0.9314261099465156,0.665847108535543,0.6476795756147952,0.4802562985691087,0.18467641683051342,-0.20773365070440383,-0.3315818565944656,-0.7604616272716639,-1.0995731969893532,-0.24161377519634628,-0.34949337218445037,-0.5278903122799654,-0.8220564515950773,-0.42661793497242323,-0.9917833765015198,-0.6306247728778523,-0.6033989513110423,-0.04523999274482575,-0.22635448172261977,-0.26671070208978065,-0.4240700080393966,0.5399537385451211,0.22918019123210184,0.977589261422966,0.7010546876467987,0.744719054915462,1.058956250805717,0.5020170240591805,0.3462713990702582,0.05804597549065442,-0.123752967823204,0.5442225752878566,0.19662233520955225,0.9312465027794821,0.720097448915954,0.23182835128697088,0.198209139075478,0.2307164419734287,0.18471397410985718,-0.448788803467331,-0.13712024592427238,-0.5593528893275348,-0.8252760647107398,-0.5792316888904369,-1.0224099303863177,-1.313186432621436,-1.1943761378288862,-1.0508767089195168,-0.4807764979548428,-0.8684276855099192
1.465709230575193,1.2641752488478333,1.8584140228255324,1.1938699967330717,1.3578188363299517,1.7613893662370452,1.5592200299937913,1.782343980519645,1.7743620001315827,1.886685931577624,2.224369279154328,2.3472703904091654,2.550317271685905,2.7788438305433325,2.5370074146833286,2.2048972309081747,1.5634959585859305,1.9135664091110947,2.0597189407213183,1.5285128184165098,1.2202846576712219,1.2449951203619603,0.9296402544678357,0.7273249764500964,0.2666791304499201,0.7224188221856757,-0.3726858306469433,0.16388147338315398,0.7665644279106874,0.760460244746172,1.1508891991925208,0.6953138859901864,-0.19226921121929486,0.04372804695234816,0.7508083178244696,0.5047146016360872,-0.040742271323295706,0.04831243701992515,0.0850122170039605,0.003982396349975386,-0.20656769923236362,0.5770478106635067,0.6210413629061751,1.237748515330478,0.8138869124988476,1.0786981732183873,0.266320588432243,0.2922295871760519,-0.20003779197178742,-0.5266721111578684
0.1671222122862281,0.7869166493848463,0.36605506562024104,0.3844495249837781,-0.059353673871173844,-0.7071609381679714,-0.557166220229413,0.058554411401612605,0.1774047502270873,-0.5076131934581637,-0.37291799777037865,-0.3948867150692535,-0.7426863786246278,-0.23991596099294818,-0.34186190488159124,-0.04382189973054078,0.3356227682761554,0.7138320375654171,0.9747813053788543,1.5642822810713621,0.7696840478370939,0.78950138237924,0.977371174843261,0.678187369079399,0.9586507742360131,1.180673671076299,0.8619061060861946,0.6685865493580221,0.177856941229442,0.831887373831966,0.9016455575814242,0.8477866907107395,0.9358310789524185,0.5942633023790763,0.42834302315437645,0.5603674965753427,0.40619731308670964,-0.1853456241157235,-0.2223828587614667,-0.5864965402828836,-0.6041442300074573,-0.9414021379426682,-1.1217167705029945,-1.0347538457868823,-1.2074277997508767,-1.0342661078312663,-0.5136591007946043,-0.8691242461678079,-0.8670374298885671,-1.0072882875644003
0.7340660699234072,0.6616573161645303,0.8357105728870307,1.2582352844750222,0.7269974737187223,0.645550610463305,-0.23943194489599395,-0.05972651880740696,-0.5750936090322013,-1.038809506501034,-1.6847044667291495,-1.4586222202484873,-1.1853679798883427,-0.25554849882132563,-0.23401316379601578,-0.2485697108098759,0.17531381159611883,-0.3777632803234852,0.0391588494399913,-0.3058282001810663,-0.5913143824983657,-0.7748249270423353,-1.1216759369093077,-0.9405715113922307,-0.5628751447931435,-1.0143221016150088,-1.0453187885248667,-1.1424221396217726,-1.6070146908662717,-0.6812192547546829,-0.683746375031155,-0.29350625469104286,-0.21840086541504705,0.6868868928130365,0.3239311866447689,-0.19133626598125353,-0.5047132696175523,-0.36325585585398085,0.11815068837233347,0.5808837405945465,0.6926679410246092,0.5862011541584252,0.6660773531451883,-0.10005704990797172,0.7008353312252559,0.6410756013423392,0.10221578266515856,-0.2641152347078122,-0.4922928240578258,-0.29402210423933045
0.7354712676788481,0.3473886907911351,0.12649088401137115,0.9199851374048773,0.8409164803663383,1.1342226263029687,1.4244024323801212,2.0838427705128053,1.5221790168474947,2.37734974421513,2.0058362939562757,0.9630747417901073,1.1639972115759603,0.6039552870113367,0.15733927102756237,0.4876221331530482,-0.26304290360878824,-0.4660219806910141,-0.48255525645112957,-1.330092684346763,-1.128567073442899,-1.4354034427189668,-1.1336415651028482,-0.7025930791820427,-0.880180254079681,-0.42493060580915365,-0.28132750731976364,0.3919282966156595,-0.7052120451932199,-0.3195059489456118,-0.915333630572999,-1.2591644086913314,-1.0839758164123308,-1.5104515068773041,-1.3968667689946834,-1.0092047837561087,-0.22792114645967107,-0.46019955889974185,-0.35178043632263867,-0.3139759618349514,0.23821577807732505,-0.10851856688608054,-0.19593614519646496,-0.35739045705024125,-1.2308389034199387,-0.4873496304871068,0.19476632623708784,0.39186852944590495,0.7081816181948641,1.0409191783437102
1.3323781953146405,1.2882070596913788,1.151145352654417,0.9344010110101747,0.8432977709669115,0.4181104959153339,0.3534961411261395,0.5502110510073586,0.8595968248886018,0.24078871683714545,-0.2638052939719199,-0.2987003886164654,-0.5802805238158889,-0.4766567134802033,-0.2492294179033229,-0.18486247119100271,-0.26750184558333745,0.19807328023837587,0.1028813957728048,-0.10455992349260189,-0.21435676076051055,-0.5821403824429107,-0.929715017678118,-0.4016890006429335,-0.12324616885019342,-0.4391956917532015,-0.2742111489585314,-0.32822246281301937,-0.2011183841848007,-0.16417029960300025,-0.13524870369108752,-0.14151974543848195,0.04124047213577122,-0.32380895552619265,-0.6918906484366418,-0.8319338582222363,-1.1558883807400824,-1.6951723177044127,-1.3930270781716678,-1.298084996683696,-1.288949926806103,-1.4810426442625753,-1.4289659738081626,-0.9721736851476565,-1.0878899461269647,-1.2328549357459673,-1.351198116865322,-1.6395870017495375,-1.9981042512572462,-2.121924735295617
0.08212493557125813,0.690943489551659,1.170167375053209,0.9646132651585331,0.656861844986845,0.36048427611351486,0.2196592454198485,0.24664655795329182,0.15028736558369946,0.642218062613635,0.39183080598729464,0.14627820976228667,0.04081578346317338,-0.19220948963183104,-0.25055292283410857,-0.670155461885789,-0.31870797813201396,0.579209022166955,0.636016657709474,0.5132256610217383,0.9382435389356379,1.4522489214802472,1.5258354816164301,1.3834099945661429,1.4707392622792415,1.2908379179742373,0.9721801668261237,0.9888557364791782,0.5748316027244376,0.8510073214557,0.958881396900612,1.3673113568927462,0.9606177625207706,0.4455609438186831,0.36871949180453945,-0.046610923107769715,-0.17896542097918505,-0.4836767125585869,-0.8824153310972656,-0.8380053634549391,-0.5430427869930394,0.12863878946552523,-0.06097614828890392,0.7305020782962705,0.41217966958626967,0.7629567599821782,0.8010957191156798,0.3371911696240884,0.8067957167924519,0.9194994162897209
-0.04653792522803627,0.42338548020819905,1.17874480487691,0.03380970438464143,-0.14581995958331465,0.7579520515354938,0.5601077548908103,0.006402777514868837,0.1496711688739684,0.15982338406574584,-0.4552073527210623,-0.6985818159798318,-0.6761347649974426,-0.5997614224805742,-1.3275810258000373,-1.3725630219320717,-1.5035647625383135,-1.1398244476447217,-1.312205734156574,-1.346426309535819,-2.068529196752033,-0.8526958928345789,-0.8374879559331955,-0.46695237348771623,0.26478804248857457,0.7233086916894179,1.3224139264180785,1.4549795470341256,1.8761231220016743,1.3312806931238068,0.7735067004049627,0.7577829312380219,-0.19321118352805877,-0.010718280299380888,-0.2523201108144553,-0.3656565772722927,-0.8374710304917671,-0.21560519896337677,-0.08716475090089273,0.19656650032537495,-0.2070752271041307,-0.7038782591704907,-0.5094365828513747,-0.18764040636523296,0.03906139846590974,0.13486937726036186,0.42866214477233255,0.675505923166682,0.5333599377216331,0.30253965221431695
-0.8866779430355923,-0.4185021609342759,0.14085511355487337,0.06438774910436125,-0.33440261643775665,-0.156421033909191,0.296130663481968,0.3970197002379064,-0.10488625308899509,0.08265939354823802,0.6538065735406575,1.1876440593933386,0.7073229658234872,0.9313062439092135,0.6241080089294972,0.9041184304218646,1.2349965585048313,0.6757485279442363,0.39887882913000233,0.43654515674842087,0.3586683960001142,0.414067004363042,0.1318193636070585,0.6867061165230703,1.0102632094083857,1.1836257188050934,1.4618928049086226,1.022632547949707,0.32196247941999273,-0.09358057408199157,-0.02788543028284604,0.49757967065541076,0.3835784746118471,0.3235519016961208,0.4340005488942894,1.020304961879139,1.1357184696949385,0.4613794147104821,-0.3854221120382192,-0.5440337945888356,-0.3068571356003074,-0.3984257289467287,-0.05229512227418659,0.293518790607972,0.5024642831018584,0.5257081926024723,0.3337572446429568,-0.39642844067946953,-0.0863564174356428,-0.6984158522392736
0.5245106711654811,0.8921239528152141,1.1482960944420537,1.3915084825605497,0.9432496611882396,0.9607595571219539,0.5740092259775453,0.5146649637139593,0.44320719929661767,0.6280189583054719,0.922331800581863,0.5286714235471701,0.49072437076347014,0.5400110817460142,0.8573082640264954,0.7130671524370586,0.6656090172383623,0.5254132949610195,0.7166156680269714,0.4167258543907452,0.6528161569960178,0.43782971104295204,0.30000622052636283,0.27604907339154244,0.3583941130390715,0.48070846416536944,0.2836227960588816,-0.026422933348003438,0.14651285620308682,0.10325996978747737,0.008783264065840287,-0.1468566380843146,-0.3063442447993893,0.19548933372414948,0.559797507421312,0.30783421118375265,-0.8348960653665051,-0.7653751242174066,-0.7221393147277805,-0.024818936300408236,0.7084338596536722,0.3157242573867041,0.23036459460321104,0.12737255105746442,0.04338038889739619,0.15921762824996372,-0.10433651070165674,-0.1397302204323269,0.2522558409414271,-0.7210787156771847
-0.3143600597514084,-0.44988468575159324,-0.2192577663923359,-0.7817815604134541,-0.37042230900489453,0.08935820238254666,-0.27520098670017784,-0.6759371996608977,-0.0915811593498622,0.32008305408424825,0.2119752104040068,-0.2409543497356996,0.33723778354133654,0.37481788859912823,0.8828385982396678,0.733742088693221,0.9315956401377237,0.5093319349530449,0.35314493007371694,-0.2856224955137673,0.12534942291952209,-0.5317898947865645,-0.35646562326341713,-0.49109618893598656,-0.7591140336255604,-0.7193249537910686,-1.3571488892230334,-1.224157216691518,-0.6765936013182634,-0.5360647078170026,-0.38776533810774794,-1.1724118580109013,-0.9962641558480265,-1.0897293046050902,-0.3964464706102481,-0.3534720192873725,-1.180305366874788,-1.4828471473152032,-1.5526696577909407,-1.56794473289931,-1.43287532254427,-0.8433116632506961,-1.0272131250509593,-1.203301407673025,-1.3530298166261425,-1.721175234953832,-2.298545264436628,-1.7077604863356248,-1.482395833270484,-1.1813596564941118
0.532422758895716,0.3938243252939738,0.3741497154264239,0.6341905500056461,0.40508414243984653,-0.26128568823493925,-0.15964600786954897,0.43176654764401845,0.538477720530953,0.548022782132212,-0.04455383462666676,0.3451406194982171,-0.08955338717877896,-0.02176438982615662,-0.33122557088459803,-0.6650501523500838,-0.8663469250613638,-0.881787564600933,-0.7937413236229913,-0.32299171048409464,0.1581316975346174,0.5647999891697367,0.5027638367038793,1.0785237877429645,1.4706630829883596,2.0722609269668695,1.6671314710575178,1.8015962816693258,1.3149914395333808,1.2994688366982632,1.4798447347561976,1.3723676816968902,1.2316636305280764,1.2171718980257955,0.9525813501862862,1.0004120077444123,0.9222000131874302,0.9291934787652328,1.1986149894488713,0.9394693485848458,1.3204115014646813,1.0859054846804783,1.4037161419470179,1.284606926518853,0.8218998744339071,0.9717380397352696,1.0934002034831978,0.9011687339337597,0.8676730083337341,0.39486297295752215
0.3184801949427148,-0.8453957691480569,-0.28845161208820397,-0.3569754731886094,-0.01261508519844297,0.25935763189478056,-0.12151532935921136,0.5462244013313153,0.7152158010418387,1.2111606959563461,1.1177093559541689,0.6799883808711807,0.47111821575039153,0.0744997008645423,0.44043516217182493,-0.315104282827464,-0.6515079349801053,-0.7304176216062827,-0.7050634062771481,-0.8018340933644654,-0.7129810069128385,-0.6626644398991475,-0.945826370344804,-1.3567444978685366,-1.5887493814128146,-1.3953517668998219,-0.23634933714216558,-0.8732773238987429,-1.3600033968156733,-0.48203223466505024,-0.44794227505347906,-0.5078770911424987,-1.3404733951222356,-0.5315580755296884,0.3663570129221329,0.9044397396618582,0.6813220250637214,0.5582568421671515,0.6530869995320193,0.31761206535407677,0.9466646679515307,0.6703994686236495,0.11825017341509908,0.6651923651070393,0.5723327214796134,1.2100668961160634,1.5978466337948822,0.9561205828166545,0.6805228080692016,0.7393015974865778
0.02054447143948433,0.5925142342799212,0.46457827191162826,0.4629694193281159,0.8140130665807861,0.7484667425636453,0.9720740488864814,0.5204259361587418,0.5948080406380946,0.7980268066547195,0.8086048088533694,0.5949644807615386,0.36776710879515345,0.6075843503776901,0.35962496415221534,0.23984229548211283,0.3361529648929954,-0.45826116576925,0.0565315581945211,0.030491884009895078,-0.39769281446636384,-0.9323683067295775,-0.909506100084511,-1.5164927743215812,-1.7002769154669966,-1.2550581727416839,-0.7436646264882844,-0.6413116887872052,0.0031053123022232103,-0.06839833010583005,0.07290033018167966,-0.16885136848892834,0.14336147342604433,-0.508823104605883,-0.6896802775367713,-0.49587923450814814,-0.5044267130818062,-0.6127602093724827,-0.6972958643961347,-0.8776937557607848,-0.5272336710033778,0.2273766154454705,-0.13092654056758868,0.7431767279273914,1.1315736322191108,0.5084311675314541,0.8773255274213028,0.630552629686981,0.9005457476925864,0.21199885030325546
0.11465354511437305,0.3269561809123905,0.49799619972951514,0.602952699079475,0.8036034582822568,1.1519090744605611,0.8478696402035397,0.733916633849233,0.3376626517571045,0.05546614223046817,-0.303603590072977,-0.6594204610809065,-0.6257965899345044,-0.7413493825420167,0.10514232752706486,-0.4126839224668809,0.06862567059632989,-0.44183824767835794,-0.9363970232620615,-1.4187049932796818,-1.6369910717450664,-1.3711097568972392,-1.1212735593313392,-0.7573389118192836,-0.5689287289000734,-1.2658578222091306,-1.4614984078397415,-1.549828047138314,-2.3408784429925906,-2.3064945832225994,-2.986731085533513,-1.8187957010989049,-1.3398756596353132,-1.4605379912875873,-1.8699707688167813,-1.598961304652797,-1.3262592756940077,-1.1002649799955135,-1.3901514230222083,-1.2388259273977615,-1.7954702309680755,-1.925843926709908,-1.8781944943351156,-1.1639762359678032,-1.1963366633494976,-1.1844646966131125,-1.1970007759266068,-0.951679349174517,-0.9790431150886841,-0.6951036514323017
1.1433090993509558,0.8852190616125571,0.653714217912569,0.20553606394119786,0.10538120888076999,-0.10616220107367133,-0.8712101334058061,-0.521104788256892,-0.6872252210446994,-0.8997193199388172,-1.0863891549790088,-0.38857371944357466,-0.1918582892349155,-0.4266587344832886,-0.395760452166385,-0.12498441374778368,0.510355800669513,0.22228808000994052,0.12711641984509742,0.1862175470614737,0.5739324318354745,0.8793297289869284,0.7993326052298695,1.3659031293896609,1.3177015267978325,1.0626606307401179,0.7539184269427215,0.5315127672187749,0.5362545188788919,0.6102427000627219,1.2258718043321513,1.1984556585102446,0.661971602405248,-0.02189461069360309,0.2800861171673802,0.404444440700317,1.1040702389225834,1.646581100216788,2.0505365992666005,1.7008641568657519,1.6725753127137373,1.4611910819494918,1.3737554446987752,1.2660470294235375,0.04496652376764227,-0.2870134811077189,-0.062082120779044334,-0.01274500131806571,0.07098526324602486,0.1391788238197912
-0.6023704293795927,-1.3315596292106295,-1.61540415504609,-1.4380886256644716,-0.8655371382614057,-0.09643382972955303,-0.09564159065761152,-0.23144445876934253,-0.3341268586484738,-1.0131405662455708,-0.6346862222531949,-0.5978068225153241,0.024248603579527336,-0.11320142168753573,0.12336372561265097,0.07381921256835522,0.12247141993293988,0.1056359322956665,0.2057581822250851,0.045548484062148425,0.5032030017072247,0.7834615773149705,0.5307208835773063,0.4684750394407835,0.5950302678226835,0.9753832621363465,0.40959817750483213,0.37631307021123817,0.36440176415708936,0.4767727327384691,0.20959420458091918,0.08392500128003817,0.26399232505462017,0.967123269771037,0.9211136050487446,1.2893625843215235,0.6044571116548724,0.8251302730401017,1.3113890159945836,1.166463389655844,0.6465497164507334,0.5562526068469554,0.3810072996789219,0.427248728650809,0.1820049175929738,0.27423583454921957,1.1159411607393497,0.7295718383232999,0.6745084548902449,0.5877287435668814
2.872957755333173,2.650949248634979,2.280546943795087,2.0557007374646386,1.8399017994888975,1.5538317225039584,1.136005472288189,1.0198032178685532,0.9097567784741877,0.8461882635922336,0.24517307571534963,0.253247208543822,-0.15195721175367086,-0.34838015282335283,-0.42748101910835057,-0.16858991404386056,-0.0127040923679755,-0.11821646351702561,-0.12073870703376811,-0.8356079942943367,-0.750331109345362,-0.851468783514991,-0.7251693903838661,-1.1032668122554552,-0.9167073160595114,-1.0026155422938434,-1.0804463117900573,-0.5365697978023651,-0.43335429628225663,-0.6300594548995629,-0.4624746398692429,0.16051566437397874,0.414593422261389,0.46011200789552265,0.7686761774980339,0.8687928934482142,1.0681427843365274,1.1319090181097746,1.1516054921439252,0.8556256666957346,0.7519345171008356,0.46180418533146816,0.48368417045266954,0.3803578041341455,0.49731809230484053,0.9714330635335854,0.7444808610245137,0.32462157858942653,0.5305804217349593,0.25353666059340546
0.37046137643358534,-0.14352529853676085,0.570844646885771,0.8931276915891376,0.831779437284754,0.5536331195125321,0.34074100470836727,1.2646428207987683,1.2553204186984575,-0.4109705185839626,-0.18580795634891842,-0.025155452783094886,0.1522106360782852,0.2961559854945831,0.6989326978272239,0.5466547292116353,0.4919641343528792,0.3224117460710661,1.0562863361278283,1.2223002472305537,0.5253612045502957,-0.3561871460016383,-0.5595649898225977,-0.958441818230845,-0.8684279594655769,-1.2382281245957922,-1.4697890603706805,-1.5325121600868092,-1.3134659580942536,-1.2094244837863375,-0.8200947194823169,-0.2547922175935994,-0.423561017554361,0.2486009120761996,0.1608205949057808,0.7817036129496759,0.7812608738600023,0.4570735946292145,0.5622908283290308,0.12128313517183834,-0.23598285528996726,-0.6814877833393156,-0.9495392773495936,-1.100763773397841,-0.5476932332726998,-0.729638474622651,-0.98770074328648,-1.1516955011151992,-0.8044747892347622,-0.8625723881614467
-1.3241817237444269,-0.9784715728339194,-0.7470928842100929,-0.8887919163315365,-1.1406671095629148,-1.115237454622026,-0.7548873873269847,-0.9808172414226457,-1.074275982392692,-0.7359827039316968,-0.9293277489980746,-1.3573244393457078,-0.20972507252090183,-0.004692157429669267,-0.1384350664315669,-0.2927587639889079,-0.37226653762907236,-0.3823245393194161,-0.46216146073714615,0.02587831021251948,-0.19161457036835836,0.17811776683881728,0.4742015137380776,-0.005159548889344489,-0.5197027267606301,-0.7908290897413496,-0.5793150365486839,-0.4641010105725383,-0.6574835913039959,-0.6821954567225589,0.0484915011092937,-0.10796854701993089,0.5712189719024446,0.5428012992640524,0.4809048663074256,-0.18966042821774023,-0.1399487230451793,0.2934914238624125,1.058530511331246,0.7212432761585063,1.0489616962800796,0.4800863122157005,0.8168423339488229,0.13867658246178213,0.3017702217895278,-0.30113625611646355,-0.027485010977367934,0.23975384424099175,0.5236079500135941,0.06080140225621782
