0,1,2,3,4,5,6,7,8,9,10,11,12,13,14,15,16,17,18,19
-1.3219011978552633,-1.3142622095418037,-1.5033962535784386,0.6115870302053983,1.9272455725384818,-1.9381309103495679,1.5171321561018118,-0.18470828070761805,0.31160798714526483,-0.5791578633814523,-0.571751056026588,1.2852153479711537,0.23222042977480115,1.4395956376066499,0.37103954306380976,0.6899922906784923,0.3055372108485524,-0.9999582712904977,-0.7783205620123015,0.8519853887667611
5.123228894457954,-0.6566331916331528,-2.166982797335071,-0.1215032828829058,-0.05741278387859791,-1.9128557498877439,-1.919337955689293,-1.2161988939384503,0.19223281307454076,3.308805878062555,2.2932791936404757,-1.463254101694443,2.3199357188381127,-2.700620474945917,-1.9490555025016418,-0.2854533739135272,-0.6898550309906191,1.5954620725199835,-2.0181606811176276,-0.05073720306962681
-0.14502340693471122,0.36273927455037736,-1.5544762925097515,-2.5893727440310776,0.9073325191084739,-2.6335163971440148,0.8381561858693125,-1.0348358422691692,-2.226658652062883,0.041139049482221156,1.1316877161352012,1.7874313548994172,0.9077194371980437,1.4280571693132185,-0.6294244869703505,0.3258291774692475,1.9695265042230403,-0.15430180176136615,-1.2670156802137846,-2.6551850791611447
0.33550669043912085,-2.619322565924477,2.5972315440516467,2.817840247916601,0.9353805426069294,-0.34873785596865564,0.7197929734879808,-0.4754258668385285,2.3492117159026695,-0.34440747483109513,-0.062234044950866346,-0.1825064708806538,0.0887601086670005,0.6762245026866707,0.6515421487824431,1.3803685256062619,1.0800285009131545,0.14597317637888108,1.7924257520116549,0.4206165410468661
3.6953671918795683,1.022493495173443,-1.6382807860708106,1.4809267853843011,-0.21970885082104438,2.153344156393923,-0.7291077611644022,-0.778481161954671,1.1339644991097824,-0.864391095727718,0.16392190666297335,-3.311498041136568,-3.2182511236634967,-2.0542433263760063,0.569642465477135,-1.3157927994697274,0.14121739323720098,0.4045712367073196,1.4044833481544001,2.2362830364438526
1.444311199031099,-2.558360263826134,-2.321273245816283,-0.8262612872331818,1.4303949635517237,-3.4748918208315107,2.175409329155022,-2.314911171106026,-0.2701679122316126,-0.9702300670263219,1.2032974072044953,-0.6840579000689755,0.08254557311454366,1.6378713546464079,1.7296483323501513,-1.5794146170520253,1.2760824692524255,-0.11269278496108814,0.5409642179993344,0.9538700306408698
0.2162062661088909,-0.8601669183132075,-1.7133682785878048,-1.8505441983580497,0.28118593661325375,-1.2981411384978503,1.5754703976728508,-0.33636282652994925,-2.60763726746437,2.163393828533764,-0.7423817922491529,1.1626451409842131,0.4309591364433175,-1.15856429634801,0.9544200667153091,-1.23345132902984,2.1562449263993795,0.44177772769210794,0.41069176293694654,-1.0841300170200578
-4.0502110804814055,-1.5264459470164997,-2.2909826174943047,-0.515223630418316,0.8820053699234126,2.260091386883468,1.080461454313285,-0.5699213829056469,-1.1800532076614272,-0.7325048795221646,0.6550645939276755,2.460369190479615,-0.029744542763174453,-1.6710200451928525,2.9416829844856003,0.03142403152525136,-0.4402124662906111,0.6133652084879271,1.5155023415838342,1.766225510566139
0.800753338106026,0.4378308883444022,0.5575566252502687,-2.5145583924910198,-1.4579167387472387,-0.6045590138957702,-1.0140700805560592,1.9848441272059139,-0.8399199152335004,1.6837235058055637,-0.39497554273224783,-0.10988642253333913,1.2185495592602151,0.0851866393968233,-1.090245598540439,-0.03392551387639903,-0.26733051608121744,0.7310846403775813,-0.5363605188275606,-1.1975496126401683
3.3375070929098136,-0.9773213824368613,-0.4442275082647605,-0.10142499006932082,0.02024815968982535,-0.9475807114658897,-0.8717793573539627,-1.1250888942935648,0.08508554059916423,0.5570554585193096,1.2466004888550564,-0.4926474975323465,-0.09413938408590872,-1.042543718861427,0.07352015669054743,-0.24709405176324079,0.7655236480312905,-0.4548312627651891,-0.35491775000332,0.28189590169256695
2.5719588932934,0.5637334604109379,-0.2979707564190174,2.4117333008490407,0.0919052266088615,-2.5119187747094096,0.5688153416732311,-1.9192779005016218,0.19003130503164634,-1.0616238018906832,-0.8686920489531744,-0.06591853336238382,-0.6006670985986916,1.7368096914094888,-0.26763928598019143,-1.472666652187836,0.016805171134781527,-0.38166646732257686,-0.26644785804273574,1.8134560562615447
-2.705105213655908,0.35530090019259986,-0.36429960848010784,-2.5908771294952344,1.3618291509578522,2.242053224596259,-0.38636967124192656,1.2589583507113078,-1.0934839272250405,0.5777949809460121,0.9080936608567994,1.2527529871703305,0.7149251854374347,-2.5649164719101667,1.049620637486381,0.6100273591575868,-0.41582573242207843,1.8964894722881895,-0.3520551508464039,-0.4162496454125399
1.0420078564581325,0.9278299821338308,1.0558596947313241,1.5446232181659991,-1.310394208725868,2.9296843364274934,-2.541637507009359,0.9660718837916141,2.298726099620133,1.4964100513654568,0.6664292503021273,-2.33305661562511,-1.0730957303191593,-1.4172809308383838,1.0356526668230304,-0.1653242931805356,-1.0167582021327806,-0.701376577541663,0.9312078133497349,0.8733723665248179
0.8744433091449644,-0.9352925623945104,-0.48380997683166616,0.46122978225305505,-1.6822960302999792,0.25172088591977265,-0.5172788528781405,-1.286188172505668,0.3416569228899052,1.8375276892269028,1.1955857216514807,-0.6416737266192117,0.2460023207908029,-1.4831116648972893,1.0951745030835622,-0.8488667608072186,0.3281158067541742,-0.27334444167161004,1.0004646960823733,0.3392260200844413
3.040720561336678,-1.3696543104924208,0.5270895787386244,3.011777631339729,0.5555012044665604,-1.5408105067976525,1.55602330275484,-1.1071749324159907,1.952036428967419,-1.3917653712686453,-1.7504196880302054,-2.990379199375796,-1.708685628734613,1.5498423552934386,0.6340845385429984,-1.7120328676769936,-0.0334265813756549,-1.3381526592769193,1.5682542563909223,2.739905190821865
-3.3686281230403563,0.6795363040338304,-0.12675783941556285,-0.181610829967623,1.7957623025414111,0.7914258848463989,-0.1843892193261045,1.4535052015737502,0.8236790714246194,-0.08526664160522071,-0.3339821394819733,1.2808915628746393,1.3074584165707916,-0.7459704502278857,-0.6963286309972249,1.1860688315895014,0.20890450576591446,1.7263725834795445,-0.9425204966317202,-2.268741597719276
-0.8842584258320592,2.0082957550978104,1.7601541805719934,-2.0094676920055976,0.04022081487821713,0.9311440247565619,-1.3889294866540665,1.5513482727080379,-0.3704054156906693,-0.5482989848853977,-1.7467523581432545,0.9737185216551844,1.6728960372024833,0.021331338506986958,-0.6811136417665237,1.0384037254554526,-0.738265026379091,0.9172266584216853,-0.7256552505274011,-0.9020780074418958
0.5942603103661129,-2.227552622510614,-2.284956119698721,2.2264655250152843,0.865917220632925,2.0229679001016247,-0.1732406957987797,0.5308501836094608,3.692658810721722,2.316590972881944,1.1310806611890432,-1.8814898314749648,-0.8991847469421049,-2.636051221400433,0.34628199728101955,1.34445254729859,0.13249564031713912,-0.9503475845001796,1.3023542554333674,0.3633275055790566
3.398554252014165,-1.5823308053597946,-1.0655901831261372,0.8110267052989524,0.6715655157099885,-1.3840745552629126,-0.7440988456520843,-0.6629650242734328,2.4181256725676206,-0.06611938321107912,1.2836985960920693,-1.6221316117847107,0.4475253650444382,1.7346274488023137,-1.1624543648730161,-0.3767691243599114,0.6917172608373348,-0.8169562850748968,1.1316288959414011,-0.477463429000931
-1.1257325120197001,0.7141007592148156,0.8919448242973143,1.1821333377791383,-0.33247265973475115,0.7906256984069966,-0.4194035794577225,0.7582594943089721,0.4119391819587829,-1.269560476563664,-1.8638716182342643,0.264627243906376,0.0020187271031735093,1.0207871758993998,-0.12695642414959543,0.6216820158993088,0.24855250197139162,-1.087940844446779,-0.5855257160684144,-0.016233303203060212
