Speed,Depth,Weight,Species
6.436619517262294,13.141168954863303,6.23303137739219,C
8.161396020868354,16.40567297523347,5.760265844393031,C
23.929454161539983,8.372315087611252,6.635047270457115,A
30.0,12.416869183337727,9.165002344901083,A
29.107111978155324,8.985755110240031,8.702214944635237,A
25.594586474111303,9.859852913794569,2.4838766511880395,B
5.464936873899724,19.464317439489818,6.850373105278762,C
22.459770485791967,17.22076932579544,2.4632885301181062,B
9.556081833878356,13.732189871717994,5.005568583216778,C
28.33092642974615,9.960867662345175,6.944230922342294,A
21.48371408937307,18.38275396227419,1.6149781882871364,B
8.514526844451558,18.573761505500773,6.749352673344057,C
16.047457452755083,18.352865636828955,2.4998641237403714,B
7.616464688833423,10.652998607905838,5.76646641135328,C
26.55400110368618,8.051571461730745,6.953079421120816,A
7.671193175324159,17.92763796146602,5.266631885896169,C
6.3809753398837294,14.633335151962694,5.4466741494832664,C
28.198971067102594,17.425889317311857,1.0,B
28.085431699922637,1.843343321463771,6.416922561431061,A
23.344146194209838,7.564103740902177,7.395803533437409,A
8.268208242412985,15.35410996774784,7.12829734684113,C
7.21077352055509,11.525875605892027,5.691278861760429,C
5.811908881374458,17.546741809645802,6.9353787335807215,C
2.0,11.725016817077893,6.43673047169399,C
5.45671116693115,15.827695974309767,4.05981746394381,C
23.8415506118884,3.9455610788345172,7.860473488359745,A
6.629801423597249,22.333880526803323,7.764639220766622,C
6.734941283223566,14.848133583176637,6.855504030704027,C
3.2866788440928465,18.300209495834164,4.780662262771621,C
7.087091289575838,15.052580981759544,4.836928238480465,C
7.898997051180109,12.248827886908122,6.253249132034084,C
22.06620393947026,12.932366791966068,2.651521991339506,B
2.4716696549186077,17.346672604285065,5.6429979866856295,C
7.4552215868084595,20.207904170580875,7.342466107428677,C
30.0,8.861844952897766,5.812401580970487,A
22.57598442294291,7.400831236168575,7.170416222375488,A
29.177755089103727,6.039661718170315,6.160790332660993,A
29.55122529345323,12.383467281856152,6.778746376414228,A
8.048110220092,13.706391793164096,6.767435804364182,C
25.374302393424138,8.659720762703985,5.443418101340249,A
4.671809112542557,17.689456824545534,7.401917777898758,C
24.76114489474454,6.42057983393716,7.734877786049817,A
3.039109949295227,19.589195896784794,4.67280824287611,C
27.173888777210088,12.608799103967403,2.4086073077017676,B
10.48154180957423,22.16183706874919,7.197027127251465,C
24.918230306018437,11.977411894371594,6.423489599273281,A
23.274751970890904,6.914435632179245,6.84147042697303,A
24.130571594534256,5.495099553785389,7.474698232879953,A
19.628216258731666,15.05423765777845,1.6648622188285482,B
22.478185715379954,18.0034132049965,2.3341764172448976,B
18.397510469384425,17.98149629401249,2.7890566873755187,B
21.53729197892393,15.578948513728143,1.6915172115441803,B
9.455635248127832,14.558897127157863,7.180774927825469,C
11.861539778903788,15.523427902932365,5.339401695005635,C
22.275267545915113,9.885690490801784,1.1317072681236335,B
21.618814999302245,15.025839409327991,1.736551783917751,B
17.418927331940246,6.308841477195703,8.380091354147451,A
24.965717642338547,8.583471862253147,6.448141854107553,A
27.932397776568344,8.747740744433925,5.934886336924627,A
22.656633139186468,21.35911794313444,1.0,B
19.94360774608207,15.38705392199555,2.1906355912650244,B
22.931624658085003,18.233412256238296,1.0,B
22.219736597757134,12.20951524494802,5.581634267066969,A
29.315191460935704,5.177358329431269,8.16082678737852,A
23.46973763835376,21.821803152466824,1.3644421585955966,B
21.296477934288465,6.0904441056061644,7.184551303197037,A
24.06397082612295,7.476759396348195,6.974973041254856,A
10.021001525770668,13.1772013697216,7.155039987403183,C
4.87384702838101,16.51758232526763,8.915845456368078,C
24.039110023098843,4.578042135102553,6.010371863429662,A
30.0,8.621974560574396,7.028181157369128,A
19.180362138379262,17.597563428161816,1.0,B
22.487575054186753,15.324208941747091,1.587002177856566,B
22.322392064771446,3.3493093861552254,4.847109407047517,A
25.15223584384874,20.639640908436668,2.1448878330968912,B
9.420778846342158,17.394633468971797,6.058025470364203,C
24.08314829907741,10.211373892344195,1.342165446147863,B
22.27525088368054,20.170502664186873,2.3674816654743043,B
25.15163327347843,11.721627084370807,5.775701763710634,A
19.065441297752265,17.14550251839568,2.8691545924968964,B
7.1710542426098325,22.07794615524656,5.609681096808971,C
23.74571687588891,5.467913449707656,5.977207434801595,A
21.592160824739388,2.8455521522713934,6.620872259012513,A
26.443222843515514,17.47171035163733,1.6403703275475379,B
20.698709378424255,12.654437891121692,2.3687331473175197,B
30.0,6.8573889555396565,5.880330105373856,A
27.39960454127419,11.57220409344146,2.619711445966136,B
29.637064543199916,9.181791490288255,2.091752484448373,B
24.635848318479937,10.240904911230148,1.9260524343916074,B
14.903079927211744,17.173818278513746,1.883770956878042,B
9.481111411160065,13.91458259079736,5.643279252897521,C
22.19068429993304,5.884927789410697,6.230026768941358,A
22.419067428217183,7.306947820455787,7.3933178393943715,A
7.566897021504543,20.840301624896362,5.532788939346813,C
12.089305907777,16.66431659579654,6.708261138021611,C
29.81417211916868,10.129161037204032,6.56254169967659,A
20.85082911950555,6.435018827639553,9.056207129940322,A
18.972040429993193,11.767176129233937,5.8569950872695165,A
5.79369590895266,16.9821932219729,5.716829450015185,C
30.0,11.870045174905076,6.634678448687891,A
24.64187334431134,18.26643397052325,1.0399537047205363,B
22.710293496626687,16.010337272677784,1.0,B
7.119844333584793,17.222483642256027,6.378106183693004,C
6.461047318641033,16.20663587474159,7.942284247582887,C
24.181543684240484,9.794360011547628,8.208366230593143,A
18.64235544142006,1.0793953996435903,6.82737270005918,A
29.194844046626145,6.821243453703263,6.629385667913894,A
8.322122165995038,13.88857641621957,7.027809738903516,C
18.873582799282136,9.597676272060847,9.142270358611864,A
27.192987987582747,19.24611550042935,1.968941067129098,B
20.891176105418168,9.1912811729979,6.627166847908233,A
10.201244295617148,14.056665918682725,5.661228836938742,C
23.762780744751314,15.396552562588209,1.7033925409302015,B
25.930771935202493,5.26055622267791,5.630197020420922,A
27.523485503341163,12.460922554590312,8.633431532301096,A
27.95002127799329,9.056193250180659,5.896791634278317,A
22.324383235751377,12.878453335005084,2.3937972982162514,B
23.944831101187656,1.0,7.594754341665286,A
26.296653572034533,8.361819309530636,7.3649610024662255,A
2.0,19.59479361868053,7.753511089628017,C
25.32030651791359,13.528903530799845,1.877291066404276,B
2.980634967042906,18.904732293104825,5.0067307061738715,C
2.0,15.238287391083114,5.509350612210332,C
21.781507892806818,8.781260272156949,7.927840128081237,A
30.0,12.6732602708103,8.37570681331162,A
12.543115352705199,16.420684863282208,7.054931582021319,C
7.980268095194954,15.302070993862383,6.2706849684055515,C
23.241387644485098,19.695972328924185,2.8953554307625997,B
4.759287608714611,14.478755660075553,7.043470310873071,C
21.991180315631883,8.550259275164116,6.7909767427139744,A
10.070312736663249,16.487373437303777,7.268557694868748,C
25.39457133910266,3.859958511816444,8.50075979063431,A
8.614004061147899,14.544825840846556,4.99645580039109,C
6.051649778931664,11.10136918989494,6.934963083926842,C
18.986273845858403,19.697296742863628,1.0,B
22.582163624263817,10.115095432312117,7.197910783462648,A
30.0,5.195463972294236,8.542109952567875,A
26.33690253207142,6.25520652601066,5.82988697394064,A
20.616311536619364,16.292194919361783,1.8447409511752513,B
20.779512800493812,9.74106789420815,8.213097699979183,A
9.06573426278247,18.434458663103374,6.789905893150263,C
18.82579274992841,6.425093027496051,7.609138120907177,A
3.9242453074498576,16.25142332830175,7.098642387574381,C
25.80175355350854,10.75153475504744,6.4464117582920055,A
25.21793794324206,10.361292781526197,1.3743227125037876,B
13.04953644365763,13.516155111513322,7.044176219152536,C
23.404414654548518,15.720883436919504,2.333859966568535,B
4.504883468739444,14.180791006741222,6.465676162167008,C
21.48165106209607,14.436914746133901,6.9295012219409085,A
18.184894803100793,19.537615731580015,1.0,B
8.328687532887226,13.900428037946433,7.15058636692704,C
10.70871085860884,13.572929958990787,5.433281908401858,C
24.89938151129876,19.077316581510846,1.0,B
5.805712230005394,16.902218974315268,7.435087265659309,C
29.03067617899075,21.841942489741243,2.420094490451841,B
10.085428863926483,15.024477858307705,5.25393655360548,C
4.257336423979335,18.985426696635237,4.80291645993281,C
28.556887970854902,5.82211327474555,6.719324923133226,A
26.387689809453786,6.45377547601328,5.521088431225872,A
23.70525410896606,12.036392137842121,6.961491530499293,A
30.0,9.70211022720631,7.057013124897084,A
22.974535285841213,8.466066182996556,7.949554135441324,A
7.552229280782668,15.425980585944423,5.640727984055775,C
8.652305035876076,15.622825148694503,7.679122851732977,C
23.191225112108956,5.417937092302649,4.10374462180631,A
25.750684595176907,4.514966830728032,5.946584436826344,A
2.3669624081732477,13.753616586946112,6.501458257607848,C
6.163208781960456,17.005458935054268,7.006298787480534,C
24.777934291211036,18.302793044679238,3.2230830670953248,B
21.389196078622664,15.07541079244614,7.677925871339269,A
19.838725449660163,9.449445257313544,6.350722454933993,A
8.681586127355883,15.340318846135117,6.5795068619227175,C
25.490755443733242,12.434322555097351,2.570612997219531,B
24.12201631767539,21.856522817189624,2.3868085206892027,B
25.428500869876856,8.156029754408346,6.935861653407008,A
28.665463339623763,10.840236182050765,8.628396623128538,A
8.128038315121334,18.009281691871653,8.292606344224078,C
20.10815404566359,14.31451160930285,1.6705522136529087,B
18.092280822892437,5.292466799238204,8.726963851233405,A
10.077975798132087,17.48948194627018,4.742340652055678,C
26.987044939332065,3.603370784306722,7.141716913639905,A
19.74937017926913,9.513351698692542,1.9468793469824546,B
29.531348823750083,4.056308370182033,7.5432980290363885,A
24.941961933626885,7.814976563787513,7.399223122605279,A
13.728118093850052,12.566311381154577,6.129792151134009,C
25.869885810769702,16.8914237385473,1.6787572338820884,B
20.1780011160713,13.936911359715829,1.0,B
22.422611624590704,6.513567435823102,6.5120885918542974,A
11.732385007358415,16.562750636457036,6.340604963010426,C
8.968900741171907,15.565171914670582,5.465561191867211,C
20.649306954246242,14.470104152412201,2.2806364044901364,B
24.35699534228509,11.487914051780443,3.388337778208448,B
8.377986464836606,19.397981952676865,7.639933181279728,C
6.993028861335324,12.589097323991137,5.844911571297755,C
21.74672458425027,20.24952549902385,1.5335046207718022,B
21.471066031087645,6.478410640825458,5.354601253043108,A
23.45741790324386,10.63659950274005,3.257149216862573,B
26.32138793976942,9.90820195264335,6.709725455811348,A
27.395707344521465,16.381801153974877,1.5483405238403773,B
27.678254709094244,8.130022334837216,6.2432049114305395,A
22.37629350287142,17.596650172682065,1.0,B
19.94934845357212,21.24215722237266,1.8154746423441503,B
30.0,11.006168899607362,7.538296079049633,A
24.51698938632943,7.748740055995765,6.419476550195277,A
9.591723299228422,16.76784840183614,5.712352220096576,C
23.313546091106865,8.895007017193018,1.607528893939127,B
25.920603099759877,4.973022682720288,6.398632356048786,A
28.169202206302213,11.826456973805913,1.0,B
30.0,6.444664066351287,5.19801956241998,A
23.923819613695542,8.250306114986385,3.1797252083607104,B
19.856311516453115,7.0871341099300444,5.2602862212219,A
9.250480950146079,18.378458741590904,5.43712904827142,C
20.301610894988187,19.531528547416304,2.820344012612456,B
7.422011473527898,17.09954404430576,5.007370873330467,C
24.74404096893426,8.341627481007013,7.076005391412411,A
26.053356255767508,4.856378339625564,7.43693816974635,A
3.9545918551537778,18.887186390605887,3.868848175255674,C
15.101738991636985,6.093055359070334,6.390217095680618,A
11.0588244709228,13.186639644899033,7.0203421103762365,C
25.2502974893178,10.587275653779322,7.223914134064661,A
2.0,13.59823080840082,7.991130229281383,C
21.013287685596428,16.29423902232189,2.6686548047579066,B
26.71801056834621,9.055881875498006,2.558139514518506,B
25.541646974789845,18.668510441446447,2.038237994960028,B
22.912936744334854,6.981885805801204,6.164652946740243,A
27.16740001672673,12.042540891405126,9.601683114180394,A
22.412661567413593,9.788058884576646,6.742623462576655,A
21.391364650142656,6.634702572597019,6.974445929008555,A
10.432131633980791,11.83586238078127,6.218025253790259,C
5.3645522846310945,17.55524363759985,6.055201808040975,C
7.932620312883792,16.149816832868133,5.803831697626729,C
19.91198839553717,6.445441325259045,7.307406697809101,A
20.006596153457295,12.532382454378581,3.962587190530795,B
8.253562556839052,13.64809749547635,4.829198092400925,C
3.1271034496103165,12.019849911136108,7.151824001232064,C
3.022146278031649,14.458781801058276,5.688137207972469,C
11.722558808839734,18.401866101535408,6.530044717836582,C
9.921587522266076,14.672239680070781,8.078596139144459,C
7.549491481541134,15.646034316848295,5.202594369041441,C
5.875670242415173,15.18801942456401,7.028819037744783,C
23.362465313720847,24.16793860212908,2.704506539824723,B
7.053364729271971,19.11552223687513,6.826968700718137,C
22.893664029937725,15.02684000278707,4.218780233448134,B
23.991275326486868,9.056441380525586,7.346488475897993,A
24.0341366853913,16.810159523553633,2.5555126463422484,B
21.435681850283924,15.796705778043577,4.056543564829542,B
6.175284516141123,19.163498844750723,6.4478922272011205,C
3.180317432154904,12.685243994986187,5.967408653626389,C
9.828406129586138,19.455951741610487,8.494748468366966,C
25.7288757603911,17.72910575769015,1.5205070326007566,B
8.3027342917266,21.9969283806743,6.214219845155736,C
30.0,9.98170541927533,8.091310120594269,A
6.296224297245104,13.941611922522748,6.71108750946034,C
21.568569933891997,10.51291130182639,3.4033699701251905,B
5.299059318264587,18.55030941929847,4.72252453384848,C
26.597160703955243,14.122707779389877,3.2637066776546684,B
27.14139265235543,5.764767715292329,8.711708480142343,A
20.351711293924097,13.277656045712549,1.1999614356023536,B
22.515925492308764,15.144163774700887,1.4296486335863194,B
2.0,12.352182347864225,7.373200313858198,C
4.947884905016124,16.750117328780625,6.927213302153185,C
16.29188687737229,8.716883256078852,8.677700814076442,A
24.981293635216634,17.547826345516608,1.3932997052347036,B
24.667591770813882,16.8325460201865,1.4710222919359848,B
3.6910753217170593,18.64907382285048,5.662509203210165,C
4.98565892942688,16.90589681035306,4.480004237852563,C
19.56915516164606,16.241630105488817,3.2374381346841394,B
27.214705051116006,2.170597657925579,5.597394728200307,A
4.874204312980431,12.316822842735107,6.009461914752724,C
22.05446298230669,15.263508480737752,2.2873289044030094,B
24.312264321157265,11.329246287101144,7.7591551603026465,A
26.424432755035326,9.104465998659231,7.543600154594432,A
27.624592141363898,6.705629191625881,6.244254840507155,A
4.665597205527574,17.24174011865067,6.609875649850134,C
23.297103683651567,13.001067597863194,1.0,B
7.133407967034495,15.967833188549054,6.184526340687904,C
8.352981403205368,17.947440398014255,4.540725744087803,C
8.308553426023673,16.114396439898144,5.261340642997844,C
25.05414732336172,8.936479011963671,6.066732040926804,A
2.0,17.71491280109936,6.143525007270132,C
2.0,16.964561779940173,4.7777871652338435,C
10.192382055425554,13.410916205073537,5.061893239545939,C
3.8945279858151274,10.14638519327295,5.828056596214427,C
24.31141970217124,11.365541768091568,2.249308595641729,B
22.19811850529499,3.232765908134047,9.579709337654318,A
21.63565569214226,5.263132096577821,2.457280404615241,B
21.19941302433513,8.913172462277931,6.980362201073318,A
11.165372676547337,15.935390960367231,5.5234535373076055,C
26.53558405750051,6.837193841077757,6.650742295681571,A
8.264328629550134,20.682858493058568,6.362308128778519,C
29.583985503077436,10.92694251444741,2.2112836922794727,B
3.41146274915454,16.02081755403303,7.079190352039538,C
24.88599033556837,7.844362921450726,7.217432873179723,A
10.393576256670151,10.689679852818784,5.841718661360848,C
18.499784116250133,8.441934430595733,2.8745170741325223,B
25.759659111624828,12.086704966423278,2.2887236628250234,B
23.068197275750215,9.28829485331269,2.301107339191742,B
12.629530565744872,16.051078430607607,7.042916224767721,C
9.441752716811168,17.183353255826592,6.433555897883401,C
23.53969495029353,14.978735128449623,1.9475955494225305,B
15.86724838546783,6.629569560948978,9.157308213265503,A
19.256266125727077,14.902817613670422,1.0,B
5.447581533553789,18.178188418071198,5.995497500288807,C
6.127506733291604,15.480629473453147,8.214668102946584,C
20.674125259551282,6.7525929400778395,7.06447441481012,A
30.0,3.7559164780077507,7.579291499601088,A
8.92828877067505,14.410219135316359,5.864287145484019,C
7.09987893394694,12.9512012562459,7.382341304479931,C
29.079622191664686,16.35133072538551,2.0239030432849554,B
25.325959600233023,5.18840585309421,6.786557129069792,A
17.43742020838061,7.815899268995635,6.723186700111079,A
2.161062149253234,16.93286776999185,5.851118450468832,C
30.0,3.735076666605431,5.0336434106239984,A
23.217137633687692,17.718448998676728,1.5569559788715177,B
6.1788971994430755,16.32298054533615,5.644891366669503,C
27.868211366151844,15.702014199803752,1.0,B
18.692865023210405,9.81993878254732,1.8655032155982674,B
26.049198551049404,13.401105184011998,1.2417179311124098,B
18.466709146397744,5.34168311127056,8.227668992473292,A
4.494739414289678,19.651776395381717,7.8582271054492745,C
20.479091993893636,17.09560984591019,1.8244360545007845,B
10.858667221713217,13.533447691633572,6.895423377301838,C
25.68998408481457,14.110724535393471,2.5522999376795235,B
16.978083054407556,16.59969718867968,1.0,B
23.854805283236747,17.305547624717494,1.919400250703239,B
10.157431997228349,15.730461800820594,5.227171719415402,C
28.93622910611892,6.713789481287317,8.030283454031842,A
6.776058968853168,16.650280759152345,5.305339959670105,C
19.634532317551148,6.031106009647515,5.58628550309502,A
27.529763987883676,9.285704221839623,7.507991326912544,A
6.813865932262424,12.741867303605167,7.10872788138187,C
21.60356515031498,9.3131888306577,2.7682072166317373,B
12.611946716174664,16.082526985431162,8.345114796586039,C
20.52679146296445,9.913297961051654,2.543479378670093,B
21.508683194021625,19.028797648495743,1.5826331863949157,B
2.0,19.423858646111217,5.5501570345385725,C
16.970759671855483,3.211528500561449,7.309820710227028,A
30.0,4.848630667564546,7.495681887972604,A
21.74637392305977,13.784579411631594,2.260442263333556,B
23.19737551951351,6.274512378078495,3.2235688824186273,B
26.189770437119083,4.058967254790101,6.246035411133324,A
17.896950184746256,25.486708147862096,1.7049100857620938,B
7.678670917624129,13.635410677883248,6.0728183678687255,C
2.7463229472145367,16.212271273904914,6.489782582275403,C
3.2498895230999216,13.738426455957248,6.176333243799896,C
20.99450488131211,22.57155834203885,2.732492102779802,B
16.606022462053243,11.02618603155294,5.6687670464422215,A
26.605456437848268,8.512039761146802,1.1133190777165427,B
30.0,7.907244475953368,8.471170327493608,A
9.06686488369786,14.34193647832742,7.7070302062980796,C
30.0,3.3477438256469125,5.3314159261224106,A
22.34824399943371,11.70490518029858,1.0,B
27.45482919598062,8.590848908167331,5.756136764608715,A
10.361314788372104,17.99249080799086,7.270770673332642,C
23.76558996515568,14.834787590707323,1.9358118228915022,B
25.86412260504357,18.373090618320578,1.450459725404465,B
20.59426863969541,11.221472376487654,2.0819955564135606,B
21.51100653830383,14.910501826677896,1.1107591717716754,B
26.675026269429615,14.274094502119357,3.4558223221467665,B
21.358787012305857,9.990687910969777,7.550052099024552,A
26.542658141718313,10.248450610915073,1.1815713340579985,B
23.811966916782634,14.500404136447662,1.3960193740307705,B
6.7197913569568195,15.587775042872417,7.5850141564965305,C
9.092290038896296,15.691622692659186,4.515750928181398,C
8.692278478734474,18.920686675772163,5.85111576789082,C
21.93177763278077,15.671919314129712,1.5757636666019565,B
22.771438061423318,14.357940001852308,9.076747983560841,A
24.565398816472523,14.274565591436264,3.090980425185967,B
26.477558645144384,9.039208445439664,8.476540349725896,A
9.541721371958513,12.600522115033744,7.5704117171165795,C
21.928288902486617,8.165811615240568,8.009817089342635,A
5.9292991187024064,17.597312959593623,7.740558275697288,C
2.0,15.470549974299331,8.302195705498034,C
22.940131979373128,16.154510663298527,2.911362722174722,B
7.592728191648632,16.356926784802926,6.99349934096598,C
24.627920074335787,14.303852848862526,1.1669439429992412,B
6.886843393805122,9.283182797390259,6.509411688906785,C
6.123676297750398,19.95143227286611,5.186024766257361,C
8.663858820912798,19.62356421204786,7.790786504295689,C
30.0,11.560354265983644,5.896410682784229,A
6.519668910078867,15.561232261325685,7.287460019160055,C
8.279790739927813,9.686511365315722,6.680724241907626,C
8.769626891808745,16.959468783385176,6.725234770641962,C
22.835540084516843,12.375944001198214,1.0,B
16.114190715746222,18.187973901784527,2.4820667273353862,B
26.727360405025447,13.028457484667461,6.026931059118445,A
5.545933774031654,15.564295332485047,6.837679179954861,C
5.920274746480024,18.7060714097891,3.1916044263368666,C
18.773237331561507,8.80967220294189,4.446078865098045,A
6.728455052656405,19.54038176655784,6.524893937944556,C
22.42246427651,17.815132512596477,2.59879438956191,B
23.286658180016797,18.37170518161362,1.7411455996301684,B
9.091292551382187,13.796860959307168,5.312290046596567,C
23.2756604257484,20.519376630988834,1.936475425384645,B
5.179571672354934,16.52508195403614,8.160044114745006,C
20.291658704029203,15.074543299237162,2.4631847952675843,B
28.722747334931523,8.073054940590335,5.985243269307134,A
2.1202897870442112,13.855822918368796,7.593892113059798,C
3.360107421277155,13.580582750899588,5.952670251859865,C
22.212600037984163,17.58482120071171,2.2531652380379814,B
24.65177051876787,14.827437371857494,2.093372374276651,B
20.164039005097163,8.613620917459029,7.55623000940066,A
5.238672143684587,21.38095961290336,8.006671218419603,C
4.135167311387828,17.689938991204208,7.071892353481628,C
27.35251873903116,11.516117151605858,8.085895565831578,A
28.16986503535434,11.362826523398837,1.0,B
24.507478665413743,11.378225106223399,8.200413907944425,A
25.105393749313453,7.504547763016662,6.827053940076577,A
29.43329794673259,8.945287453810566,6.44969484615458,A
8.458074837996064,13.192667300320288,4.2302565322726,C
3.7993574972619295,16.51821467875038,5.56900430812433,C
28.54929030064853,12.051538076190452,8.390207549017314,A
25.39331281957611,19.44444197122554,2.7450053128772813,B
24.67988256220548,12.188924072169712,8.914031353866786,A
25.270245814844927,22.978942798832758,1.4076440443479465,B
21.480308298807923,16.756256131111382,1.7559195263257987,B
18.91390580918322,10.119568126606985,7.998010109859652,A
9.144994140001547,13.25111111991994,5.294928672269881,C
24.749547418244415,16.77216182289607,2.625630933646001,B
4.030317086429499,19.456508069799362,7.210606805826007,C
30.0,7.902032226608507,6.888773938651299,A
26.194594874073474,22.68970363307263,2.0953441994413082,B
28.868279464362978,7.889245569201366,7.9190764829877685,A
19.417224213475166,13.13178249459822,1.0,B
24.989030047539362,13.088695871904896,2.3240570282215605,B
2.9483572631723254,10.931854121498041,6.718548010502148,C
17.32629610173798,11.518470721171278,3.205994516546816,B
25.78837062467491,8.626606264588915,8.039904687396076,A
24.34732409134699,10.334982032736932,5.163794626896704,A
3.2639079093557406,14.986625951070828,6.125341422399152,C
22.284908856410073,12.398406662111984,3.2308745131547347,B
20.74069380193804,5.229106503275974,7.3026354652390335,A
28.404149584040624,6.535991923970849,6.855912444278385,A
22.46573154513989,8.760420744147046,6.993929088460106,A
25.451456890831007,13.754000077250913,3.0213832954293984,B
25.585784954499665,12.71839045019292,3.3414759155308813,B
19.17943997952302,18.08330690706805,1.5499871420041864,B
20.68912373205742,6.4019103775014665,4.40895770785509,A
21.17508795261025,11.489038538993361,7.758928589786765,A
22.368517055016557,12.09951280412139,2.3525049683568797,B
11.335320859614384,18.1581385599136,7.899081664132522,C
24.042548213062933,21.31358662976647,3.519283923641769,B
30.0,12.750077831212106,8.749576743186939,A
11.31842801415204,18.060592396663576,5.439379921434431,C
25.978077718797756,7.059802841987641,6.702436496640008,A
3.7601592610496923,12.453604443288866,4.397195394283067,C
25.561310480728583,14.947416564841898,3.5163940552535733,B
24.854826154283444,14.331753263158129,1.0922438198530795,B
9.589566223315432,19.698633140197142,6.041712163822991,C
6.468863633945445,20.76579665183315,4.113354840501727,C
18.88430904873,4.756578870260881,7.93259083187309,A
27.938379290471005,19.70799614116986,2.606850593215671,B
20.08522771932832,7.4822740179596305,8.364140429973844,A
22.953752733189507,18.93394747195026,2.3829889847409285,B
23.51154045439168,6.817296904489272,2.216775563762629,B
7.653265940017894,16.65058500465644,5.191844288415158,C
5.036714098470259,16.89207673774867,5.811053196198692,C
12.031316069926744,10.663774540933318,5.378335148320257,C
23.007303920906413,8.757279112183548,8.317394065634325,A
19.322036563737612,7.847974373750126,5.559949117405706,A
22.169450631731465,12.539341138586394,1.4942532957380634,B
30.0,9.064553982816697,7.708108676688591,A
28.495307111007527,8.079291453165286,7.267392314071903,A
22.750920969559033,11.191687668030404,1.993478684770542,B
22.880095980967017,8.581525524056712,9.492999517432791,A
30.0,8.755882517614166,2.902277173786647,B
23.066539864561307,9.095716689138955,3.2000789564268612,B
7.6502275724433,12.875609376744201,6.829612456621083,C
20.190455722379003,12.499157341514024,3.870965175371782,B
3.655283519271717,13.119259771212343,5.416879736668011,C
22.835054687300342,11.063736251718655,7.328762410303481,A
6.034704827290718,13.805384466653814,6.807194622038178,C
21.141806202610926,5.427774549844245,8.218761851697316,A
30.0,6.984052030768955,7.486501643826202,A
24.29193628907715,14.277851666994321,2.6791427754381956,B
30.0,3.565072094239975,6.1125078221979,A
20.608922626726965,14.477987204082293,2.085687161403359,B
30.0,3.366401318775845,7.964087168288358,A
25.22843983186149,15.004580806376453,4.949094425308726,B
17.027082825366207,11.428368215786314,1.745044206446302,B
3.5336480855621906,16.457508173951933,5.8993540213016065,C
25.318607555805034,6.594248171812689,7.2825799504883,A
25.494913703261886,16.90677439743667,1.4153822693428004,B
7.454411811914921,16.142994161408645,7.427415865555564,C
20.906957813992243,9.485532377804077,1.5341944308818372,B
22.926822200643578,11.1426420710541,1.0,B
19.87739496202861,8.554637330149994,7.981765486991594,A
10.068543142752736,14.700148612729567,5.299212310624987,C
10.703199619655745,16.74587701403219,4.867537668583231,C
22.885947256648052,13.798923147097211,1.0,B
28.687936379768683,6.21531604354175,7.541462728204788,A
24.496618149649386,18.138979251477725,1.7704513446396528,B
3.88159406015721,15.055727948769338,4.820115357751387,C
6.785478695576304,13.680172530564391,6.856774231016355,C
7.981803341229151,11.973226593889487,6.034041560099006,C
13.651678452817256,16.141802566521147,1.5426983449132101,B
27.150382548995548,21.00605460895982,2.463206292099123,B
26.656864732834,7.1332699699208275,7.440474737960399,A
7.036248033531026,13.927426036727748,4.473912449746357,C
8.233920806396668,12.776417276410701,6.385222927714419,C
17.675455510772835,8.682641998559356,7.490974951638251,A
9.578207654611687,17.126104815728002,7.265450223003164,C
24.44758974799915,15.9270221520523,1.3479111114069393,B
26.27331719137768,7.244350181178561,7.07863519031609,A
24.372212801057834,12.907959971931982,3.0964692338108835,B
9.133303792012665,18.93664848796781,6.550040623963827,C
30.0,8.03900201735625,6.311849654822276,A
25.29032947006347,8.543451980115261,7.507835756289624,A
28.059943975782225,7.138220942131598,8.328194141849059,A
10.97455481759047,11.24971573343555,6.493883676987123,C
26.338375664537207,1.2131378854389219,7.419532443907028,A
22.735421805303364,18.152004399340644,1.8745457399970997,B
11.359917502444096,14.403399398045385,6.723559550044635,C
5.374237853142803,17.654470904228095,6.826234632383335,C
10.041250666608034,19.464812299443118,5.999725810884538,C
20.958516918792373,6.062657404332516,7.586364018755093,A
23.861975617076787,10.619899500812892,6.011408892849082,A
21.13681691320206,10.297350107352619,7.459972142939116,A
6.164687265625979,19.779506308216586,7.166166855894445,C
8.048817077616349,10.291337781029645,7.305151052760831,C
5.474948939903909,16.92662154527057,5.921805972616077,C
6.024861257824892,20.25296849190795,9.596119888919809,C
6.71262652930032,13.12912240159916,6.919440573491263,C
21.92871893725907,13.654645298424109,3.6999573745763805,B
17.68002563828584,20.8281652976827,1.692191528861116,B
20.593099502110135,14.044152233030916,1.0,B
20.032469970590164,21.14540778488077,1.0,B
23.833029884067905,16.552880683626547,2.194107630953358,B
26.5351665896497,4.973041686856866,7.081829358547565,A
21.0729214068423,11.874804256947638,4.426716486345523,B
2.0,15.979569542106391,6.804260842062298,C
22.722031123801735,10.324940286323887,6.740957854179297,A
5.09107960423184,21.387336796259422,4.9421502386280896,C
4.888010613020822,15.430786110974983,5.6458509454577,C
17.83157818910237,17.33993036913034,3.4641772387524377,B
17.973196313380804,10.061591299675129,1.583805595114746,B
7.226614882611978,15.529840471108411,4.924061581286382,C
9.203165656904089,17.751950579806703,8.06255471599817,C
21.901784718408287,17.620889659931738,1.8094968940021887,B
24.105074323463715,9.20293101357124,7.388578604530964,A
3.2513864932584386,18.753824256957017,6.1140656269158775,C
5.691639310613904,19.71060414230446,5.930538169843864,C
21.910689848614524,6.214328044096315,5.633121301584579,A
24.65100549665312,14.489739183692045,2.6511362418236573,B
12.775504576393729,18.92746818692831,5.335715302994182,C
3.5137663743793426,15.671928647704354,7.558185907979025,C
20.67039058806677,18.10798070049511,1.508097552493795,B
22.61930798700712,9.59534838465017,8.289752754082746,A
21.700405479581388,13.024762017849806,6.7906763228481335,A
22.08820464049792,5.85016681770844,8.490726136849952,A
22.560164753191387,18.37017208236974,2.1950249840281266,B
7.7481303455414245,16.52925298873772,5.315652959781885,C
22.614780275348487,17.297158240150395,3.532367724678116,B
7.403275156094911,18.463874766697018,7.143829380167972,C
23.21437029511959,5.73249479854957,1.004184605209771,B
27.683715213324266,6.823476912131599,5.790305257158892,A
26.3939153157003,8.230395169971187,6.390487797840716,A
7.628212428673395,12.469880192560609,5.428465969161995,C
20.101656637239618,14.74472249781245,2.466670981966081,B
26.04043776773395,7.330945468774053,9.075260872625265,A
21.492015774648614,2.194507349257182,7.281191423969376,A
21.014198972214242,6.388214086534233,7.558326912521722,A
19.84102551311621,10.81941391470756,1.0,B
8.483348768549398,10.011259165856671,7.442372728266811,C
21.979027405866823,16.589913239376997,2.5731278132412,B
28.498124034689578,4.388109480725049,7.597400069849858,A
26.926186316429785,15.589724598664121,4.088442772869925,B
30.0,13.049788447407977,2.668340488718081,B
19.711439549036935,19.169180304664042,1.0,B
22.88148224944508,10.634582666397106,1.758502554129221,B
27.77660342067047,15.997733050207316,2.3278211728430853,B
19.70728343933399,4.3737794382218755,7.701172742310899,A
6.999090349425853,18.35131607221596,5.988960814072819,C
10.346312129341667,20.72458245821274,7.361948631278468,C
22.970692977105436,8.478423226758236,6.814712341122291,A
25.064689875040184,10.296882795156268,1.0,B
27.212086986452622,14.057113225255288,6.749166983544953,A
19.77898896501275,12.069476535929562,5.024533433646129,A
27.707404020271532,8.083317190588081,7.321697806196013,A
25.266572311043404,20.485801613181494,1.7877910300988478,B
8.315175266407955,15.700049449558177,5.233730889791843,C
22.23541728265698,18.751871163038587,1.3032281815704252,B
11.020413252062246,12.95599905316117,7.659280707525472,C
24.206721260486997,16.118051690251274,2.085209449633901,B
8.874819659404734,14.396529571634824,7.522350983269897,C
18.658938225205105,15.749799688141264,1.9497953829582553,B
22.989201736284954,13.829746187371647,1.3877632654922496,B
7.494344935890056,13.644033188081481,6.256335410752664,C
30.0,9.576313862733599,6.353063222294426,A
5.681811615644012,21.844297820335857,6.618188811774981,C
28.25728315320341,13.042633212150283,7.394671529822981,A
27.55917520937873,11.946172832519624,7.529692754356731,A
23.993211085118524,6.636048925458851,7.39348538542175,A
23.62315582310008,9.752030508015656,3.9872759992308078,B
23.96573407942229,14.96465877967322,1.4352259958290579,B
9.83566509408998,17.468098868987184,5.992713294761919,C
25.846503314237232,6.3847027653351835,8.047098302612154,A
28.316029486553184,13.008464087848548,1.7829829495756295,B
27.171445299615964,6.250507982452099,6.418319086051357,A
21.63201084295418,10.30487763509336,8.189470488924641,A
20.932914626801487,11.69528029115616,1.3646376111743708,B
21.007522042449754,12.432309299185876,1.8232258368842178,B
27.05026509076704,13.180417667168065,1.411133173261304,B
2.0,19.098300067712646,5.291517532304407,C
12.664451498827047,13.887461297127006,8.807733273045674,C
26.675639518171888,17.284585645930637,2.389159195667929,B
4.920653167528985,17.031439950833366,7.430383159819221,C
24.021358433341376,12.729461260171762,1.5438791725258119,B
9.498744761044037,16.414841432648963,6.660420117236923,C
28.750978737898915,6.55068836269872,6.330927261340084,A
30.0,10.889164710512178,7.01035261984338,A
16.10999896982853,9.82056329828425,7.181021558703707,A
24.440384866218956,10.983345050182983,6.813028697014554,A
10.345411995619084,17.647499294873075,4.966055424254812,C
25.14828824464149,11.92859025776448,1.0733016911526891,B
2.0,15.315687037088182,7.677401676252923,C
27.775116583216136,11.34613056098956,5.955190805978966,A
20.353982867072446,13.845841090648674,2.3896141773709036,B
15.438616206266117,18.94862479219702,2.8484308822052844,B
22.64924862743734,12.529909049253787,2.215396505456288,B
2.0,20.757782234116032,6.814383615474206,C
5.479100404838309,22.69295712678672,5.970057431797177,C
3.6523482621243453,19.458931979707604,6.023948728052773,C
20.365697454903984,8.973228775012679,6.852997998371511,A
21.286949804947447,13.213839838513895,2.3676492929914215,B
21.454204634612992,13.781463022882672,1.8832340842047535,B
24.302567318798513,17.633090767520123,2.1998104337187137,B
12.272379575417691,16.832171977474957,6.624454502758325,C
24.690356477204563,2.2932513015020097,5.705318524279095,A
30.0,11.274027653247883,7.1365353310827375,A
20.407192201553983,13.289280793564636,3.7586204841951334,B
24.38215214295661,7.7052420064489064,4.411676675578422,B
29.882932252776577,7.7292032867629015,6.307094802204093,A
7.908234974208442,22.416340014252004,6.592585053204266,C
22.734062167588178,12.42525432112451,1.3502347731517328,B
24.643520341023095,16.491180675279313,2.975816719344709,B
20.624094125766245,10.86846543232135,1.5088462528578952,B
22.62218071362855,15.936718158041618,1.1049301577233952,B
22.84244471258649,8.695017641640941,7.43004164719107,A
6.602713080616871,11.843859737878335,5.883163002322154,C
2.195792697734456,25.404969611824722,8.54231218021815,C
21.26344384085113,16.031682181137462,3.8486088332964115,B
27.21476821548757,10.776459763639279,1.0,B
5.493750521704233,14.47847901950627,4.26015744685847,C
24.551145015342318,16.666207807476965,2.2965755451407617,B
4.151347300661429,12.406747162672737,3.3770134745660303,C
5.827247472766512,17.1009549803193,7.537067365554083,C
6.726069728118192,22.680552381103887,6.375171289529645,C
25.044002162384224,10.723152458954843,6.683591550305198,A
25.36419353884001,17.82792949169976,1.0,B
24.532331361635514,12.333014563724172,7.119580368414153,A
25.94153259064065,14.9268105570093,2.083826627929361,B
27.785060713832976,4.084010793306405,7.059630369920174,A
30.0,6.341297012131166,7.895193220027732,A
29.72474046354492,6.76875303683231,7.817766299200287,A
7.458355120768382,17.712223977629243,6.228978257233997,C
26.47451623980591,13.340295898494773,1.0,B
2.0,20.197186528236237,7.332221142404454,C
28.26356764812105,11.089245269646261,8.247742072673734,A
7.568781231169331,14.840292719819702,6.478139001094857,C
26.61550147888639,8.13463785065187,7.120031326718261,A
3.123496227259801,17.053035320459117,5.227942601581757,C
2.0,14.312832103163043,5.753492632576486,C
18.33583520171222,16.755831394357205,1.648078682183491,B
29.600079741578064,10.291393112515177,1.0,B
23.060318793423512,18.226588020823947,1.6334929796319482,B
19.510722952182892,10.851536670670606,3.2468917155347192,B
28.994552883896144,15.085370392685777,2.409762795959497,B
24.36702195798939,13.510351968307308,1.4608772968510215,B
30.0,9.38129012246649,8.672572386837704,A
25.476967135752425,2.946330118139347,7.4363236696740325,A
21.4503620537922,12.341401379879414,6.38659733645906,A
23.939385382933214,15.336898845653463,1.7003233519932128,B
29.545625572741336,7.431472919079621,5.42360784301575,A
30.0,5.833390242509996,7.61277390506257,A
24.082177247639056,6.51320852599491,6.775234598107317,A
29.004504512199652,6.8467444948570915,6.328376632061948,A
17.940189753497172,17.03112146422609,2.9153902755601617,B
27.800982380614933,9.117581120185799,7.8949243769444415,A
28.401437372285102,5.786671524753126,8.105525932957985,A
21.685394278545328,19.696084156026366,3.228980502489062,B
20.854015330954738,15.992752018688654,1.4868036354866039,B
24.84594803182721,8.915396646539655,7.076821891060256,A
13.278662596639148,16.874930025815033,6.672840710890035,C
24.641938554163463,13.638307422319356,3.9541574337502863,B
21.904669903902754,5.768693284682665,7.883659937486672,A
10.40099485127559,18.387511755465344,6.179065504515609,C
19.929794442484866,10.026482483347374,1.686470313827602,B
19.508907423311367,10.757207128195095,2.53481733634591,B
8.65993190240946,19.137755946824832,7.99224172441078,C
4.342805108365198,10.863901196044536,4.276021496041857,C
20.733098345886518,13.540909166581065,2.3498000245679074,B
22.52767172384426,16.920786604833182,1.0813134885139055,B
4.038628873075128,17.07317723427997,6.87175328105533,C
20.44258557871919,19.276652180776125,1.0,B
24.049830722007144,12.032328203258524,7.58857840442061,A
7.644640581822477,13.342669334687082,5.415906439206977,C
7.389459842018599,12.43751288932929,5.4367533199161535,C
11.607018091326427,9.06811733433863,7.248253229259392,C
20.947258895286552,15.096475998061159,1.0,B
22.939550777265254,8.811369599309955,7.771698710648344,A
23.89651570822274,12.117717728139736,1.5002698238483694,B
21.981171696327387,9.341143512089898,7.72762954363698,A
19.802232856656286,11.918741457400715,2.848174212666668,B
22.227975505220662,16.795143855945433,3.0450884740847535,B
25.744677981160084,9.660683522311475,5.407006266468331,A
25.488124584580365,8.49756280261311,7.133540904782282,A
29.20457279698651,12.484467724372886,3.4313667818311835,B
21.44290694272501,9.772209089715432,7.183359919779155,A
28.9330962122694,10.290818099556805,1.1485935657396864,B
28.159106010417357,15.874268884927329,3.7388513518533313,B
22.43716540021652,16.214676938492115,2.4547409121411348,B
20.395162258337216,6.531343254416634,7.918316606002313,A
11.43756607670372,17.604132553499706,6.962769594120327,C
16.74928377421412,9.832223837791362,6.809317599236653,A
24.502712385730565,9.483451698162792,8.078680833431296,A
8.409505239311148,16.93662606049124,3.525169205236947,C
19.07602171778451,3.6414383141330697,7.048860070325705,A
22.579977705304625,16.67010467635686,1.7211166058492435,B
22.089235398684377,11.26978977264746,7.494030186282739,A
24.500077619440077,19.259916535832993,2.432959825360696,B
6.8910451295595045,14.16057104170073,6.502516729757854,C
7.317284568315613,9.949214790723854,5.974848223187919,C
7.382591103638675,10.520017052921157,6.959448827463341,C
28.544047998352294,18.11135504626847,1.4646649129837765,B
27.074631385545697,9.37024877143817,5.429499396376823,A
23.615135480315594,8.20529030812753,5.7723921848630075,A
4.399737540785896,14.749735848232213,6.767883224604979,C
24.0554108822987,8.947789940984359,6.6513478655921405,A
11.834949923498296,16.81492682581724,7.3776281578853435,C
26.737418684302515,13.255028275162584,5.960094072874469,A
28.67120510934318,13.444726735170205,1.0,B
4.057197469761029,16.283244092570172,6.921778534544009,C
24.449954356632706,10.20024044422233,7.722381357827771,A
26.774957985826944,8.29800463753731,9.439752406339274,A
30.0,6.287750151622545,7.233785911790748,A
22.456243028005932,6.659503859342264,6.990881003355796,A
26.576372458216447,3.7285295214107315,6.471383318250243,A
26.120632415303774,11.584620616372113,2.241321934916781,B
29.19301485369633,7.902882315317013,7.148667457202111,A
26.122537670373525,5.259461595809539,5.001799315467892,A
27.20772625146895,15.756002957826679,2.622711223900269,B
19.583030650946583,11.375030206292749,2.3423378344896215,B
19.34007613657388,16.902529741248596,3.9041365895730067,B
23.861206211984342,10.08940175859865,2.640479795200824,B
23.52632757893489,10.434896576295849,9.088374704780728,A
30.0,9.23204046014933,6.832878286213589,A
13.7350960524141,10.32233562731377,7.99626681944714,A
9.047628850063882,14.218462882120747,7.535300053061967,C
6.595748118076621,21.50352434856333,6.838444318741225,C
4.158808448321261,15.433367981586631,7.24824239652436,C
28.213362502030026,8.269138175434753,6.825040243304591,A
4.376618312518079,13.642258320445624,7.335466376234718,C
9.016088410243597,10.81951115047141,7.796363958778265,C
22.02982469493032,18.391869885537375,1.1201856464979456,B
29.086822504200015,9.653833525938467,7.0320041490657665,A
27.725851795967447,9.32327295075652,8.639116805444068,A
9.238568449026358,15.473640829806566,4.802569949262843,C
18.850392074769278,12.958241779779428,6.09609235853521,A
25.504507748227763,7.13431805428781,6.101532018208963,A
19.97468443823601,10.032146546916339,6.9423812029664145,A
3.583681484608496,12.18413413236023,5.908147465660847,C
20.048287409604793,15.576680370545214,1.4611581438072618,B
26.741421357132108,4.0613489288249776,5.444104353796373,A
8.216868918869942,11.7096117528948,6.743714320986633,C
6.279267007584097,12.907918697492248,6.163818977824856,C
30.0,12.69402447437079,7.477040827223122,A
23.313934941531723,10.905111843922118,7.73264007721558,A
20.2282404857136,11.721452096636142,1.1627375689502997,B
20.451843005489632,4.609154640665122,7.647195939702741,A
4.950011552836688,13.6105870877812,4.84975595240837,C
22.79037225545222,7.872359154204606,8.238283071433635,A
27.879591959969165,5.003762654286773,6.348643106208171,A
28.42416332937841,13.1485314563685,1.253421653459761,B
24.062337057820848,13.340465003045738,2.6255080168310356,B
20.40926873625073,14.124477286018084,1.4737521434825789,B
6.4988749615502535,13.1140694026252,6.52773195429409,C
25.230254094434354,12.257397297318438,1.9544877546987578,B
8.295930252327823,20.623882936072672,7.552373505024224,C
23.714268392996768,10.158422542883507,6.571884839034087,A
21.523477507559292,8.509225514163786,7.381935452231553,A
21.0402004011506,18.38345602137519,1.756616020624982,B
30.0,9.771789225097598,6.678364948782617,A
20.54845801359669,9.278909013630594,7.381158384882777,A
22.461939780528674,16.484644499526947,2.0980675395389445,B
26.89490726664159,8.890888096951377,2.3496500472996935,B
26.050000145203477,12.911682883547396,1.0,B
9.719955058780899,12.090663375373515,6.41394627503563,C
30.0,5.140548112034003,6.751308873816453,A
23.139527828391852,16.32117063744568,1.7941405691196597,B
19.600340709929984,14.151831432387741,1.0,B
11.800680627956057,18.59447684396423,5.356212815870427,C
24.432694162592888,20.093751996803324,2.7505791675217655,B
5.20883913689228,19.066368085596853,3.8309687224112703,C
23.064718472639253,8.53507739045573,7.9960476858058165,A
4.025317217443196,16.462441269731976,7.2737707084660395,C
22.660965266226764,14.337453819969223,2.955300558237753,B
5.505866657956096,9.961913760751935,4.7457684460203335,C
24.306471439836162,9.157617729026363,8.108182816737516,A
22.19246879319588,17.292112238112903,3.2748750412787224,B
12.953618871054822,14.226982782572978,6.81760080331082,C
23.906521188947654,13.368871202865085,2.756788679986982,B
26.603360802470938,12.021690470771693,1.8131038418380152,B
24.58943751435687,11.12527551296996,1.5444604739761294,B
20.24275961177408,10.439149169608738,8.148765700372103,A
27.8471619004405,4.261035795611717,6.8475301636194565,A
21.62623288154477,17.531987503455007,1.9382358001398712,B
6.780569747455092,10.466793802342409,5.914001951961406,C
22.154318201495933,12.663328444495214,7.5689830791852755,A
18.065321753884497,10.081139463263602,7.4137990974514985,A
28.361838348642433,7.236374004706524,7.015579047581467,A
13.587204261726107,17.24508838612503,7.688061665053241,C
29.12486455216639,5.9533958881626265,5.386438602123259,A
9.260112111325464,12.520877167740606,6.804239656150154,C
29.914138102414586,9.346825848862798,7.201099046714967,A
5.869221250977609,18.121002732467478,6.172886312832583,C
19.578198996359305,5.414946910889468,7.330880232214457,A
9.016667176195867,14.804559839429036,4.369572027247289,C
5.806862839363593,13.199572069782697,4.462972995267875,C
27.333008187419647,5.673339674049094,6.464764788439432,A
20.445381855877507,8.681350458103537,7.021271576736062,A
19.05008360998425,16.306393949889564,1.3931348221428248,B
22.575572011575765,13.810379484012014,1.6485857642862674,B
22.91779348667512,15.370669781544693,5.790358981308795,A
25.892591491475827,10.672434152433077,2.0580227348083953,B
22.519314280651667,11.104370025632141,6.246582129653817,A
10.535015290401624,13.337431748091934,6.587781632464607,C
7.537009056806751,19.08899870057172,6.7680229460729855,C
20.429827357822898,18.322678886708363,2.003375506597161,B
6.386165752399587,13.432778810239755,6.704257438460613,C
22.334026056727872,12.4907796700009,1.8409547895999487,B
30.0,9.799623727629124,6.861544016016226,A
24.96917594884177,14.311348141771209,3.4816634024625985,B
10.452590923596428,16.509055065777932,6.693808804752961,C
26.11749601526822,7.311919420559357,6.82692817571613,A
21.23620570774869,14.450829051281032,2.9681846605328612,B
6.624399984096022,16.974820392776063,6.354613708791191,C
28.47396279226216,17.608010136435464,2.8539759765522237,B
10.207111230636196,15.814174483968722,5.831780483617662,C
21.882186252421768,18.00437727681852,3.6850142787085094,B
13.808760917498722,8.27751156142135,2.0549341109998487,B
30.0,12.906357241586143,6.90166037320525,A
6.676624401285463,17.55912671855465,5.533910421894187,C
20.831216094320474,15.072761554179857,1.0,B
23.985761726413127,21.6484188359806,2.9965705105794473,B
10.47201607857116,15.896105821751258,6.932637755005857,C
19.56722231763262,14.128315172541495,1.8053027038833183,B
24.794942233411962,15.787615851715987,1.7125524805996444,B
8.438977643353617,10.271085463470301,5.851734545429902,C
28.299969335357506,5.580825844896515,7.635171801681969,A
25.539163905767083,9.215035092372014,1.0,B
21.384720252069705,10.221204136124458,1.0,B
5.241140174174355,14.95588612060475,6.514111507898054,C
23.758767852643405,9.319963557881932,7.3918040054025465,A
25.43217908380673,11.27157098166921,1.0,B
17.82780605300292,17.77690365245279,1.4690291021880355,B
27.701885689836402,7.21100309519058,7.599928729996204,A
4.515360927902301,15.906386227956537,6.726997948457996,C
6.679070431183745,18.27033383135086,5.933739057593784,C
4.808204649540747,15.175950216006488,4.420988811698763,C
26.90842354102878,5.596598215492603,6.294988144241591,A
4.817937811676198,16.21133488424499,7.040656211971463,C
30.0,4.137906161559324,5.628098857068643,A
10.10477062393964,16.0019801749767,7.474810307443275,C
20.057969306923447,16.954168072867773,2.2522403964266773,B
18.087822091386723,7.273144216181906,6.8499444129674725,A
26.483995583053396,15.69862827006404,2.4826878872092126,B
8.373068507202163,15.641175227710706,7.4804340555567315,C
2.51281843207874,15.823088481619388,5.807126992399809,C
5.22471594025102,17.019291711021385,6.348957937632233,C
8.21279669207512,11.326454658601799,7.54045660805256,C
26.65148143043902,4.415147683721496,7.662881268667412,A
17.340994030198875,11.30052444112302,1.0736188700184615,B
8.2337901061341,20.21258856190992,5.300770752520627,C
25.27640408211049,8.0516150125831,7.04381147197911,A
6.006607317512482,17.968946264510475,7.068641167323208,C
21.924194050182138,6.488672895133788,7.96387911679491,A
8.60676753623613,15.75039789090641,6.900367693938012,C
5.800514569674036,12.29081086496262,8.14638144819058,C
29.10220758302077,6.4742265569349415,6.281592734430802,A
16.453453667216163,11.2025113209794,7.850221742113493,A
27.24434873215266,7.353383315415702,8.594505063224972,A
22.140701926701336,17.530512157806953,3.832557043479202,B
24.1828550150339,13.967710580760997,2.329508735573009,B
26.379381789011365,16.89880341915115,3.1356201471829444,B
21.826161882193,14.711386110158413,2.5820265670847267,B
2.2693001351632582,17.05600685855852,6.261155817559177,C
24.17556962181177,11.88682013305831,2.534629086122435,B
19.394344099488624,18.152983187940862,1.0,B
27.03644745173128,6.804733004147224,7.453534301513979,A
8.306749897301362,12.086228986500556,6.279612164426419,C
20.919991741364928,21.36307124672064,1.0,B
25.517271216361166,9.807355707195011,6.677320161157864,A
25.420007223759978,9.843923963483926,6.55671774880849,A
26.056976667425634,11.895063201940875,3.2446795807367868,B
8.514213383208414,14.858763417687786,5.939865301140952,C
22.45540920792023,7.804264265575615,1.0,B
4.318764068303511,21.577992804992363,7.4692613928947065,C
18.947905770180814,14.874840391750503,7.934319911239274,A
26.469550695841786,9.634998918912698,8.301741289398798,A
27.1358708579483,10.593297133088596,8.399355436586003,A
27.233190011237042,8.568184458383639,6.984690150827005,A
22.717238530542925,14.68293571479663,2.5082686396745895,B
22.684517976690362,17.643043478749956,2.9514492770580865,B
6.573626272050535,15.73365018342863,7.169795891880095,C
23.929145029907573,2.7092859533525138,7.648280433843859,A
4.501061096256851,15.56407066521157,8.80251772543094,C
23.670386783839778,6.788837074105062,8.172729019259364,A
24.355517009899074,20.886276575681713,2.9413105807674835,B
9.649937702018198,15.412679741511994,7.249498559232836,C
4.727114788739158,23.283513999594827,6.714326574297152,C
6.775413963894619,11.968356417054958,4.583556138101197,C
24.668462649519352,7.040474736575024,7.104201103951876,A
24.730479881725362,7.324539038002277,7.308833012598964,A
30.0,6.568596105992682,5.853654606981312,A
8.495321456487474,15.757217916437286,6.1228332522866795,C
23.450835990115852,18.06706586722178,2.4736320768114544,B
22.19985115328335,15.544876175900555,1.7694753748197491,B
25.71174936688135,13.282056735234296,1.0,B
25.417433462196573,8.2003854642143,6.928398740585936,A
5.614827810448385,17.494353532710957,5.9555379715951196,C
21.314222507409987,4.838655040591759,8.3920022863446,A
27.46618819452786,20.50429707359312,1.0903165830181663,B
2.0,20.342551881220917,7.4484458630756745,C
22.010530953440437,17.97688393527386,1.2300039338025428,B
26.428950251512244,7.733172509316534,6.356481769619857,A
28.946806372335537,4.215283104274266,7.833528961608924,A
22.225985055197967,7.0157622446843355,7.346503881730715,A
18.156113943638953,15.950760783756438,1.0,B
25.294820791665916,12.282740894489718,7.421920754235285,A
21.435321453035087,10.627194656732794,6.331909546356951,A
10.19383657743371,16.49953772059201,5.96888965011239,C
29.97987675605029,12.422802008045995,6.060664606181246,A
7.5083316589083795,14.236143128410198,5.861982034080947,C
3.492516887285465,17.14787736517818,4.816492449282285,C
19.053961156853354,9.603231787797244,7.592526949201183,A
4.202840394760445,16.70471369395776,8.74627661822067,C
26.050037228522385,9.232079762612925,3.5628887685081976,B
27.967619164357785,6.28419166664372,8.196571501664492,A
27.317313187844032,7.212919179919326,9.006092888159124,A
12.720372312690444,14.860147004521938,7.423630250874308,C
26.775605253385184,10.756102715734434,6.611823181458771,A
30.0,5.125757161649031,8.072507337309801,A
29.142517355750584,6.00403180850394,8.02257043200964,A
22.417253633349137,8.72722300482015,7.613517972730417,A
27.84303917837482,13.99484360301968,2.0858930062933303,B
19.64332325153845,9.724619699443938,7.319781934142537,A
5.291112209811012,17.413924861551482,7.490586385064751,C
2.1067013933789402,13.710918333412945,5.592926524521763,C
21.81724692466037,16.001251418258025,1.0,B
3.6553360307033396,14.689346821455555,6.838143926691657,C
21.758934493262796,11.056219185382893,7.853415558780307,A
30.0,12.211180368031528,7.56390912005236,A
23.622029765047476,15.079368655524656,2.5107920885275945,B
26.466953491711568,6.959965575211784,6.937406872100477,A
19.722602162146543,17.41458851479506,1.7702003694248063,B
11.417392002965547,9.815472684150976,4.454729551173936,C
8.425145412888579,14.387255634393737,7.0360357607494945,C
25.041763524610424,10.734329736271228,1.2690437242845267,B
30.0,2.2831423684119865,9.558199285668252,A
20.907947716323775,12.280112041379143,3.52100622715938,B
30.0,7.38651851933518,5.71700777581143,A
8.852114489064997,19.6332436398397,6.730487653289074,C
21.825510914933368,14.438434788493609,1.797019362604343,B
14.34965666240244,14.51531334256537,3.7554756983154904,B
27.21631211394547,13.792682632326311,2.8902475008365087,B
21.244080295228922,16.869671622372636,3.4769344261182744,B
30.0,10.881635784511802,6.196325432030269,A
22.937857261159255,7.513605492695024,2.5628808601743547,B
23.644342248046513,7.894622833210424,6.705050321707972,A
29.98196098973184,7.908290843395204,5.610427533236404,A
20.432094030977748,7.55757788397883,8.613711269058648,A
8.30347434721369,17.218555474395476,4.579721823854382,C
27.950918818610408,4.225080818104003,7.633776880932098,A
10.623894825360333,19.102337219453165,6.961676169192993,C
30.0,15.856170103755577,2.8760467925297943,B
28.070202124595994,9.996395604482686,7.940771187988216,A
25.736883609116873,4.836820806958669,6.54111573713106,A
25.78815135186318,22.69237656849004,1.9606927123723688,B
26.107466680107883,3.0195833030680204,6.376231039304195,A
19.28879998973675,10.817619865800433,7.224451818559972,A
17.999853257963064,20.40644291717977,2.8584511166566653,B
24.124634264133064,10.225273801738826,1.0480815399777645,B
4.0235292977689125,18.83877971981466,8.643176909268794,C
5.219044561475883,19.567644309387283,6.745468360222467,C
25.87489363422906,7.8664082028024565,6.600363814385398,A
22.71884506527473,7.887557738195839,5.804116937964816,A
24.74810959361184,7.984486123495244,2.1412571400874634,B
22.90635899620807,14.109250358797976,1.0,B
22.659154284541714,5.862874361680953,8.727543170100711,A
5.633738509728152,14.452559111326416,7.196659508678362,C
13.616790325962643,19.532764664087342,7.912505373342929,C
26.555034907704826,2.7617826211276046,6.5322987986881085,A
22.915501577731433,15.124628582564029,1.0,B
5.277946916600755,14.94003278274273,6.944634151805065,C
25.963597671784793,8.800423094029734,6.972695460490068,A
21.549670242152718,15.810516088017167,1.1745894700210449,B
20.93207260849983,19.027758259377162,1.451731205074923,B
8.207693510494213,10.799991287649727,7.606516962976058,C
22.73925340677273,10.923650455793402,6.3942850769966615,A
25.559814086214562,10.397546668733032,3.9870611116994414,B
23.609598975293014,14.748696064421875,2.885231482988991,B
3.1078295293931664,14.847082480074008,5.789870720761066,C
22.719892240998504,7.769976700500807,7.565509645631544,A
23.91395694900941,11.217965313599892,7.169360824036078,A
28.534180768813464,1.808821134777922,6.506243416838688,A
17.236615250711235,18.86711357400531,2.685507738790204,B
25.1959589115864,9.143107716000522,6.911717951648745,A
19.39078114782913,13.170583588933464,7.399687951752641,A
22.98254469594977,9.816387685251,7.184680305864909,A
17.997789412170697,14.381386956925281,1.0,B
25.055908135075,4.890387632695679,5.3070431858046145,A
21.09549647525879,8.278130455201833,6.67965269180568,A
3.5725650362796766,13.117798242978925,6.548794677267168,C
9.196735933078708,20.93920056876231,7.42925181335987,C
26.047855009415223,9.88949457806649,7.003046020153414,A
11.612688010591766,14.65747541512675,4.75960556031926,C
20.421215787212198,15.989065925014968,1.8126709815936253,B
19.7688617449282,14.712095711165253,1.0,B
24.201666400345587,13.811122236207227,4.1514573793699245,A
6.309479734695043,16.934038701224257,7.597395284612269,C
30.0,9.770741669355457,5.907687235327421,A
9.611155906345685,17.229793898403507,5.5574629483594205,C
22.01429029060563,15.608069258240594,1.0,B
5.597671696845042,12.018707590704915,5.83158902008918,C
8.97800152118163,19.843753116375726,6.373253344192583,C
25.30014896545708,7.79158639851987,7.192049116490032,A
25.89811345852045,5.590842577204933,5.774234336997659,A
16.210064323172496,16.893242644287785,2.5972282182533846,B
6.011367155696369,17.431599058165137,6.5522428150768075,C
7.416405015864965,14.850933933504896,6.073901838991907,C
26.032084678793144,20.522390520619933,1.1536840225342642,B
26.040984294315443,13.453262010878234,3.554160420714774,B
28.68251481559093,11.246123449419894,5.665974505081795,A
21.489310151369192,9.959405912417886,3.2958717818630143,B
24.5397694521954,8.959630969857571,7.753341621104532,A
21.96857449852371,22.94024714244014,1.0,B
28.247886493988457,16.659606496587337,2.6295295842218107,B
8.242118407888189,19.75858287916605,6.226020970881655,C
24.17531940288429,7.9071481848296585,1.257515767461616,B
18.403309065836826,8.698274314390115,7.455887772081607,A
24.41421007862211,17.541218291251546,3.704105516255491,B
23.956009306770195,14.13132032170793,1.2658262012215042,B
24.172847851441173,14.848105542927113,7.150418905143576,A
25.497400927459292,8.522505544837802,7.268592278863258,A
8.288175149142948,12.57982954726541,6.612733106374028,C
26.628064309974608,14.204607485598427,2.270057358391422,B
21.455220729017498,10.480234807104154,1.375654610286776,B
13.590060689295957,16.174249384383973,5.8916012013944545,C
27.20704996238743,5.602965287455172,6.803650150915022,A
26.102263041685557,17.635219865273175,1.3921247393241822,B
8.363128143367787,12.76926529453022,3.60619684948803,C
6.716045785315578,18.206455297503286,5.882286479036312,C
17.14197473005934,14.954061998184992,1.8491622884333048,B
21.234841510445545,6.400698828608169,8.024062525811463,A
22.997362059647894,7.8593332935424165,7.1975996046924,A
17.633521524909224,7.532069375112808,5.6528737104703035,A
30.0,9.567413254206912,6.21401053949205,A
24.877420164720878,8.92712746284176,1.0,B
5.788062317278917,18.48824116637622,4.772030397161497,C
6.713348916406012,13.266581783203558,6.883454631847078,C
22.171504084146953,17.236502425128734,2.612468794013602,B
28.680994856350438,17.34462260839145,2.833333911780307,B
27.82318051712547,7.59579084661296,6.675168616491377,A
21.81596470437719,9.491348165145586,5.926237706436327,B
12.305898584976653,15.560028142626036,6.430564685577627,C
21.957021297839244,8.517541146345646,7.419019009366045,A
24.367653259540806,8.655801251102256,6.662914028881961,A
7.365915920619705,11.92023647245714,6.076562822748911,C
6.400827288881465,15.534955764969993,5.7422259031670535,C
22.610407973173494,14.263460672663347,2.3278795241593575,B
10.011298667956018,17.37874897932721,5.862963479400679,C
23.394255381710355,13.084116642170848,1.4835703561124283,B
6.843675937883356,14.88983015012239,5.2597542911516575,C
25.374807971430055,16.53632006885445,1.1956842403400076,B
11.783494593539372,21.944455077779185,7.986180181654453,C
24.86271265109957,16.05403236424113,4.98525900260341,B
25.290371280158073,6.144653474951629,6.975645407739017,A
24.920393515232725,5.66940439530816,6.453755551747517,A
4.468412837684269,14.5570445686829,5.923895566951436,C
21.464452299064344,7.861501612973187,7.160573981049865,A
16.231301635631567,13.267239794433651,7.815737212539297,A
30.0,6.172652857953305,7.014688194729197,A
23.981679991017963,8.420844932093257,7.278994162223802,A
30.0,20.844141289967702,2.3584536182096203,B
4.238282495857489,15.592912329174524,6.621588849221334,C
10.844810277872352,13.45735603448565,4.953880640758085,C
7.054575244247736,19.238817949036868,4.793336526035177,C
23.591052769629595,8.934253894803456,7.051945885807299,A
10.139804056272512,17.450697361366053,5.9628987733033005,C
3.3189415600145726,15.137301617465834,7.12920690613052,C
19.79893976126216,16.618371383533535,3.0817667276728287,B
22.915131970403007,13.939940864739128,2.2577525401427505,B
25.998690897792315,4.901727455523324,5.676910206592502,A
10.298212172857717,13.053951401729062,5.628224208173266,C
6.86054332874076,15.071136366843739,7.684532959123448,C
27.289441427274063,20.405005474454327,2.1814266201139714,B
23.641821431139018,15.00200624365507,2.372105472606863,B
26.551039494259914,10.085562760089578,3.023709546106981,B
10.44153039851426,16.80433953969756,6.399123373440362,C
20.3493435844581,10.456614413611879,5.239191188019224,A
22.13240447666378,15.73564166319667,2.9242701395378297,B
22.805885395793215,11.20736961620523,4.693033663980497,B
20.706168574071025,12.077259070808267,2.5488838353173646,B
26.295874616259717,17.248893708217235,2.311308673442885,B
3.630826852654145,16.098679492109472,7.760633158556272,C
6.765452356190161,12.803417752678019,7.912198545838917,C
16.999448097133616,21.6078187224308,2.5950294658355646,B
24.850739390267453,8.3063054248937,9.403415585238275,A
22.665762500680092,15.40239892183789,2.4148655003619104,B
7.407043622559336,19.86088327976637,5.731980357927846,C
25.266286154420985,13.882925598876108,1.0,B
28.23331204055313,8.626875267981568,8.050654396007612,A
23.539075124062766,13.574253754769039,1.0,B
21.70832491762561,12.820313262991776,3.0715431522348857,B
21.676057929421493,13.628572708545779,6.115197285973099,A
23.10780870720297,6.244492238194251,6.264470057410233,A
22.054715487555107,12.657826649449985,2.854525227066616,B
18.19049494913551,13.595797670433239,3.472670675750982,B
22.28046085821415,16.739536891377167,1.9511028165258946,B
26.304147853893305,12.963954440401269,1.1614142015527689,B
23.019253284872914,9.615801956105512,7.65232287841342,A
11.113740900929306,17.69988082113907,7.059469210556786,C
25.41373225540344,12.379034458556138,2.6021183203924836,B
21.201062314949432,13.632879146001475,1.0634936252104041,B
23.622743856759175,15.129779186454494,1.0,B
5.965647910878373,17.045878885163805,5.186391658798482,C
23.993140488689654,6.178200806458884,7.69822331361359,A
12.474294206286551,16.14847391545515,7.019893380427746,C
4.280015828044443,11.359213796939242,4.997820855390835,C
20.595133142262554,7.731032280770981,6.079326406920634,A
8.664806540592604,11.873372716741148,6.719366384585443,C
7.408849828874974,14.268774568508885,7.10707456900437,C
24.61678383009501,7.722307581417728,5.703168052044154,A
5.800543953077232,16.13114585609995,6.5198185592488915,C
8.603816248971839,14.148980093067367,4.2917974531804886,C
23.347391058484874,15.189140011287648,3.6259589153620633,B
12.209446386488194,15.100107654383779,6.150914458533212,C
24.910123145954163,6.783410563189516,7.536509843570403,A
4.093570645112498,15.812403045405699,6.30708369851144,C
28.498091434802745,8.550353374232408,7.557810306351862,A
26.2770340949027,9.94937782147757,6.153038651681673,A
24.492575943787283,12.65292279734947,4.6207930910299755,B
26.39356106839762,8.24245140492412,6.374437298490471,A
5.4046656794840375,11.652853714670636,6.720505594555102,C
21.284916975635046,20.394491417151823,3.0114630354083562,B
23.918797328645837,13.643289036934885,1.7260069181706958,B
7.729273465927485,18.130448881832056,6.090056857652828,C
23.81727770224793,8.35869236175021,8.196631486645652,A
13.590756369074303,23.98271547955357,1.9313659539145314,B
21.869867863005798,15.876663441730997,3.0305805856240573,B
30.0,5.712580121235739,6.343105721028604,A
22.380289730304902,12.101645841448386,2.547264797377967,B
25.41708264946869,6.551592339718958,7.0566499248971075,A
18.927094084258247,10.103883945441009,7.424165946401916,A
19.22707266828863,6.594924736947874,2.3350580290841174,B
19.750372305124603,8.13271627968596,8.573986763290034,A
26.75399884027725,12.922615678568391,1.4301670717612414,B
27.514983615188065,13.529021130597275,1.9379959906339683,B
4.202354265322926,20.665464481629684,5.780711772841866,C
24.38776821440844,10.089509984876218,8.501333651955488,A
16.66624060679748,18.979807285161503,1.2811676123912696,B
21.295357313081883,13.065938222311505,2.918454443942414,B
28.159290425563665,5.103987344816891,1.0,B
6.7291781091901495,9.649227055562196,5.453998197344045,C
23.561644685883923,5.967917323170297,5.7760597332377435,A
10.823076742072741,18.215686366561293,8.478597520186442,C
23.26380720939041,13.235263803224328,1.5127970788050729,B
28.791050954882635,8.075280349184686,8.262584103427182,A
26.26021163518433,15.205407449099608,8.642015160136369,A
23.913773039544502,17.822193189766946,1.3914102767602996,B
25.941293355552006,9.80936829743797,2.220541427013867,B
26.456153810286875,17.079052637665797,1.1389120898264296,B
26.800574043077003,20.827048064926036,2.316155957182778,B
21.307031432491858,18.51961852851805,1.7653794300425862,B
7.7324496533902085,18.784883909216266,6.885407238024972,C
26.351263530159677,5.262845314564057,6.5161141659456785,A
22.56491976270808,7.647796623720986,6.245724149980642,A
22.084786489983646,14.763674135402619,2.214713183170526,B
19.890698449467884,12.697728881116205,2.26402008133367,B
6.365905495438396,19.742868936675386,6.926108628696289,C
23.07998570611181,6.989294735706577,7.10537550614596,A
6.2238408363934985,17.327636268784776,6.504652844893567,C
26.804522788718856,13.126133274880866,2.072036861283745,B
9.9682388681375,18.2296350603098,7.7791224352884845,C
7.864659551372524,16.954409658259376,6.731735311723422,C
23.392545011183344,11.577641208338099,1.3952553354617874,B
27.690369595389527,10.020681779321057,7.179894151153478,A
22.59122152715303,6.555074760991353,7.992042349536523,A
20.53984153639624,13.033522275178663,9.061503576636397,A
5.951757976587442,12.3329546198306,6.049760678494707,C
7.4294593174150005,10.290122886993359,7.638987758058639,C
3.360724262793352,15.53784952677687,6.117967482146373,C
25.018597390575287,7.385323015254337,1.0,B
9.008895989838893,18.621650908807812,7.659384348301164,C
27.479194941139795,6.733542306102585,6.8790518513922185,A
27.037481559920685,7.932449756091991,9.252435805344309,A
2.0,15.086248479537085,5.954534010788835,C
20.644826182561978,9.402568125348266,6.348581996385551,A
7.586753509626126,16.930278605204784,4.808656723905907,C
19.805166594597466,15.00078684668915,1.0,B
19.77906379110515,19.870246421014322,2.1718393397935314,B
4.544132198236443,17.44093341247203,8.555699624598239,C
8.600048319741669,9.571225365873213,6.403099631568019,C
10.253387783068366,14.846728888517648,6.669943032154777,C
23.714364525213313,16.793608629493242,1.0,B
12.935900367586717,13.863366605751896,7.463786083910356,C
19.67739335504455,9.709640086794705,7.956702316794584,A
20.452717258228834,20.326074653196432,1.0,B
29.682487566959676,7.484846658212499,6.870179300266574,A
20.0507276170841,3.442881173927145,7.0380034781682,A
19.06556372967597,9.98339805243819,8.607345576019993,A
5.908727897717512,15.305444426136926,5.033558809744413,C
27.922270320419106,5.820746768873525,9.210523001591351,A
16.573418467316966,6.923244476156489,5.53562511979018,A
26.203347496214853,18.502270425312947,1.7955287790138785,B
2.0,16.90808320603815,6.043389682140293,C
22.523981565227874,3.9938297140694656,7.44460266822014,A
7.2308338008905055,9.980794773672255,6.425064232315251,C
7.151549622442701,17.0079286800303,7.924484143298652,C
23.643710898793085,13.986721148909224,1.0,B
8.467300105022009,11.5551683763192,6.824807934682955,C
19.583894674386325,9.423403990140729,2.397927049946809,B
9.438129998175693,15.746437546546174,6.788273489995398,C
4.867619964022339,15.473797699182201,6.856904464787768,C
10.85305840191987,16.465419909523092,5.78519042595282,C
8.749417751657042,14.30080974737851,7.682877742152588,C
7.848874898211375,13.7595506286069,7.050157336425272,C
29.083810194409622,18.99740094734709,2.1838345163225044,B
20.808868818022518,6.3937463807353385,4.500594285126427,A
16.16584251526817,12.795797682793836,2.9321915642603846,B
3.529312925363697,23.207050758368787,9.083983365370834,C
23.24592602546806,17.959958713346033,2.845157971184322,B
6.3745638511118665,18.905292075677618,6.354649752208298,C
22.330490004017513,9.961018792888254,1.332220443531114,B
24.602702319822264,11.513489280145798,2.7579218499236196,B
22.07589369721249,7.247111666446474,6.361038252310498,A
12.240870266549868,11.716917710157485,6.64887218268152,C
27.728096259376837,18.562766522980922,1.0,B
8.284706178297387,16.773773349256665,6.072932641126307,C
4.378201959765598,16.78095478248413,6.382008757607964,C
21.550207742347038,11.795786004653863,6.860410371844826,A
23.56461297688712,13.069067248940218,1.0,B
3.83272546511754,19.427484169583888,8.36937958130958,C
5.251820098226512,15.898477930981915,6.842818141605256,C
27.63020804201573,8.712378361243397,7.260673765823907,A
26.489727300836996,11.15438208273372,4.846609886396285,A
25.20201655318839,11.579665215300436,7.718953310665067,A
2.0,14.316119922593543,7.894416662306772,C
27.2092795889225,12.91342370955622,6.337099082449051,A
7.602627271324609,17.590126919908048,4.355482110470196,C
8.42450222969479,10.26314677681305,7.553570775920196,C
22.981260140479705,8.135860558245515,8.049552715319335,A
5.307561953596586,17.260833187214985,6.413025923948988,C
10.567001660885536,12.021944925135834,7.627620067839951,C
7.920614457625507,16.675081554526475,7.324890263366081,C
20.761378000757162,4.495689612266756,7.240753179488569,A
29.43960062036993,10.95019703050195,7.374056569847572,A
22.17185259946527,11.496932710123811,1.0,B
12.107445562115384,17.8994291942429,6.283386011203421,C
26.087525225911865,11.337716080399678,1.0,B
11.015142938022327,17.341202509793877,5.571243559098622,C
20.86193892627522,14.001014849008582,3.410459145203504,B
25.997814730637835,9.378863539222817,5.5151020315500965,A
6.042651727497294,16.91743913245482,5.996603425728623,C
11.062550437702988,15.168236707152625,7.538755992446369,A
26.07711925648727,13.177077065846966,6.008607650543693,A
18.484678432546225,10.353801937168427,6.865982833327083,A
23.077502261352826,15.626091196698763,3.8093063497331103,B
4.06926516220615,16.7043578381358,6.4626822514793005,C
5.042691345507398,11.895725143419856,5.7648202856685185,C
22.679506955264152,18.13537340573701,1.0,B
26.523070831995426,19.27254276750791,3.5781180575621843,B
30.0,7.381300313276941,5.474343685429905,A
7.227873386185534,11.952211313641794,6.7497379267513775,C
8.763913955886409,18.529714602082507,6.323305768521956,C
19.68111194322425,1.0,5.903724913104798,A
25.022547908788187,8.080485504217489,8.185704154662997,A
21.093883859060824,17.591797849707955,1.0510834791751629,B
2.0,15.066118351973032,7.431570314273405,C
26.647611395612945,17.119226030755474,2.553251219984784,B
25.920113616157156,9.985210521247835,6.1494795457907,A
27.034921785666242,7.327088885157222,6.017512606461691,A
4.934695793889474,16.616945349987216,6.395693345591041,C
7.822877968618354,14.196099063892294,4.989256822133276,C
24.033853673971294,13.751249792153859,2.897066196887132,B
25.793925591688907,3.791199731269303,7.125576453471543,A
25.169201022498903,20.74238873493992,3.5730197252148566,B
18.585221872675422,21.533636043587727,3.272353500106768,B
25.66101795556577,4.496881986121151,7.5524899544171475,A
21.10411437071074,14.815121064032285,2.4576865860535517,B
23.34315153349443,9.737881873141898,6.690883535797498,A
28.653289017190406,4.4251039877031335,7.838490774451642,A
4.943839222871578,14.92161214139187,5.843708035527096,C
18.14396106718422,9.032285264844123,5.95308901731806,A
30.0,13.269668590130093,7.638730222029185,A
9.40755625440157,19.92138776871472,3.35991067080517,C
29.65712034565369,6.027837666480274,7.122297503032284,A
24.156811280659525,17.18577906120495,1.7001618037251194,B
22.95773516200789,8.52294694053582,7.034083468259226,A
8.234946610026505,14.99536313257999,7.880943970405887,C
6.35482279934303,17.699122183377483,7.094999370417089,C
5.913016035796763,13.605604319873787,5.678384386422816,C
21.7357295553191,9.909296170953672,7.742095372009307,A
2.5080144773449224,15.869810212644643,7.842311186059489,C
26.20186341773753,19.60538714446832,3.2179591523055584,B
25.35205879936119,7.840552253581011,9.145149127773388,A
27.519105777329372,15.193373267052868,1.7819541046076262,B
24.405463504963905,13.346366593316365,7.924633682912769,A
25.258989902746414,8.783912153695496,7.870067730688754,A
24.64450511890853,12.562349745631623,2.6220699903060485,B
10.90405469298797,20.431290942224713,4.046485178963095,C
27.038148802284773,11.83907560872431,2.777407352764511,B
4.151319616905787,15.641186055802976,7.7406998925789265,C
2.0,14.803999927172207,6.026659748049894,C
7.223753839031379,12.78924523127289,4.659816708557268,C
24.8594125831954,10.442880519184405,8.173473857485325,A
9.759494334664724,15.016545390116887,6.438487506625566,C
4.444901823682253,16.29997057499351,5.580331632689973,C
21.054969641297816,19.332566346380812,1.0516519957757993,B
11.207689890009714,12.817631874983906,5.298666679616576,C
4.934559785417752,21.922020516416858,8.066945403371642,C
2.517383618596874,14.467938564677361,5.230938490526156,C
23.66585294664814,10.490966227745623,6.694775295645332,A
26.7996353650072,14.60763191143362,2.015618333949603,B
19.881506225053947,14.997307340608746,3.5634133588321086,B
2.0,12.97652468545533,7.775319147630574,C
25.098882484895235,12.013253075987068,1.0,B
27.09925235755236,19.234422439741714,2.6979032725390275,B
20.940640536584123,17.556872696673913,2.197292265631207,B
8.542817976583635,16.10066987138243,5.806972522512716,C
7.664089538132087,20.143687352659345,7.042285104365905,C
12.502137214842023,21.482277986951768,8.534298355525019,C
8.066097536608162,13.992474045128901,6.757232828368558,C
9.978260163627223,13.418078240742371,6.717708334076283,C
20.59369813843578,16.98555360000988,1.1515713658091853,B
24.370582711064475,20.661481066687912,1.2152380918722967,B
3.2672256511056754,20.964916823651887,5.416507561601283,C
25.923470803946397,13.190360680530297,1.0,B
22.922574059549067,13.641707393320377,1.6979545005101357,B
26.72716593426295,19.5747608612415,2.996858773465808,B
2.0,14.795880073074713,6.755026301348333,C
4.452863076178757,13.171438520893075,6.819986763349006,C
6.040711249450084,19.564722874461445,5.8566015812404535,C
21.80893831657263,3.525853807880864,2.921801501977252,B
5.852525935906835,12.23227254600711,6.239286832986109,C
22.911952303837964,12.360090101861578,1.2904201452508275,B
2.548383282156157,18.529371300211636,3.87437714278476,C
23.606661173115977,14.281342515047273,2.38632331781156,B
4.632969990828302,9.631229318810156,5.745092950669407,C
21.747691795277497,7.9899128905464085,7.224684725751886,A
18.706885723031892,6.571954083206708,6.919283419891418,A
10.480759074242604,17.457959941723363,8.886930246888598,C
25.82894526835536,14.607757338856514,2.255383755674317,B
8.929708788706158,16.65470841702409,6.434191242117106,C
23.22416692196218,22.510474221158844,2.043514668643466,B
17.40469768563782,19.228215824961715,2.681359510442948,B
23.020551263395,11.467858731268842,1.0,B
4.208075560674625,15.857814911569694,6.475469687910142,C
27.214651648997236,4.4147978130104075,6.298008312193245,A
19.322997209811238,10.98668913084963,9.013387247526623,A
23.682229210360607,11.844311255085053,1.9685608296252235,B
19.461745060845004,14.407586923840663,1.3626922529712049,B
30.0,8.410798322013305,6.028385961489349,A
29.947016695993003,8.241367180775237,1.966387435296287,B
6.188550007106683,18.755045903141973,3.8911747030552184,C
15.318368861433628,17.511711724540064,7.4812743597048925,C
5.521560589746441,10.688121483102524,8.258391923305975,C
22.745147548013712,15.65869832460755,1.1523660713809152,B
25.825951286870907,15.15549286650374,1.798508466052482,B
22.824339198027882,15.288630018081133,1.1754858384723263,B
26.4751427717601,20.020955322637445,2.003695671847847,B
24.03794970150913,20.216824203770813,2.7318707042882955,B
25.021987863562583,6.755978871786888,7.916327674702481,A
17.229953035980976,22.583536461179065,1.904535752910927,B
20.409232153654845,4.1924028052562266,5.578189333258156,A
20.381763573048616,11.988804300200147,1.6686916168166772,B
11.937292508575856,19.804752841864445,5.724798720828027,C
5.388914339488087,17.857574511716845,8.108415532589401,C
29.2667118535059,13.730506522276226,2.9854496856152184,B
20.784252864403662,16.757846912845014,2.479441518086064,B
26.53848564949762,6.53637554254669,7.1252245026479075,A
21.046475792794645,5.16610774927153,6.755843364709351,A
4.942621092960115,11.453207666440179,6.699376278862255,C
28.175406293980263,10.339937913782396,8.68392769145787,A
2.0,17.230742419796936,7.265784796875218,C
21.85942348361631,8.548366714273508,6.442508214992166,A
30.0,7.954015890996295,6.394384460263136,A
26.20826503126064,7.803536007915788,5.896633393826127,A
30.0,6.749985879258521,8.528468426412532,A
27.115252437477974,9.420367287100435,6.322284630247894,A
24.396991373304537,17.364387147364926,1.9571766186884252,B
5.668638100364924,17.082710823163055,6.204489671359283,C
6.835893382190302,13.982484856128515,7.445543359577912,C
26.15433598617556,11.851711305835066,1.0,B
2.0,17.289844042711625,6.594721955084876,C
7.515475308177291,20.795490078627626,6.53564771467415,C
26.90730782568113,15.227743995012048,2.175211418908512,B
28.49386103629505,11.363398982059046,6.637559058596868,A
17.58285332019396,6.385040274408668,8.73596380316525,A
9.837424124881302,12.753316227688812,6.806183498109137,C
2.6080361033757757,18.77931887754192,5.409133670215659,C
25.33268372288476,7.307903328942329,6.4357524013426115,A
21.52431737297285,11.327501165654635,8.826009713546936,A
24.68683567557545,6.950501738861128,6.775366850002976,A
17.873709401929062,10.929996017333615,1.3684222708346687,B
21.676851577488442,8.31983741625371,6.326509375756132,A
23.368083453271733,18.719660592970822,1.4425769468916787,B
9.24795093270087,13.587330739266092,6.100571672728877,C
17.61299778489296,13.428832387731552,2.292192728326373,B
23.618040880892128,5.204608685931386,6.697530313511872,A
21.606443614176502,14.061302337165213,2.1235476959555823,B
22.020488740379186,10.94882798933213,6.901110346808857,A
2.5938963811171565,13.692884502971442,5.9710828315368225,C
10.930784123205937,17.367472903212796,6.388591209428314,C
21.59064682127192,11.128428328446757,5.239237240844182,A
9.364952965088362,9.974345722417029,5.614311073082836,C
20.14818487867108,16.602029120334933,2.8141517621182666,B
25.562184482330192,13.0748559623914,8.236093175210437,A
26.424480762612568,18.090179709642314,2.0774805185188625,B
27.41137346338341,10.93722583234329,6.570594458874747,A
28.384463796092543,6.468794964526902,9.29094257259074,A
28.88218776574439,18.828552021380304,1.5146941646321317,B
22.422687401298777,6.8986513254833906,7.536652752527286,A
25.031108699397663,17.73508018016309,4.012270445700765,B
5.806669880769677,14.165010413333388,8.321829077263025,C
22.099751817221716,12.785517101075989,1.5918991608397794,B
4.5870222159354155,13.54966982807886,3.7521328807577663,C
5.656832049952343,8.769514621042775,4.933949099427685,C
5.873289751969273,12.59574810321398,6.149938719483117,C
5.831079631711411,16.633748722991744,6.432816761512386,C
4.884152837558513,18.26817700444123,6.431096464940041,C
20.96735232836497,9.69682786376779,7.040591691203883,A
28.536943122043713,6.174858898153954,6.516813537700626,A
18.775927964093743,10.873864510236295,1.7151245066303291,B
23.282902036133912,17.50513354004314,1.0,B
3.274705629470089,16.55557444896286,7.065468807667253,C
2.426710201646108,18.009286994288566,7.066371955684009,C
29.165173459291424,6.662559149057674,6.962777763490158,A
3.0692022409743616,15.374732222152735,7.815028715908027,C
28.115670945615094,11.184961986090308,3.7246966497611087,B
25.357900470695785,16.008376927718587,1.1046536776369758,B
7.380089040025961,18.888742823242275,6.745597919512287,C
21.042338909103087,17.581618475234713,1.7438202475046196,B
24.506633301692336,4.417184493140036,6.796419639897638,A
16.77289494797147,5.458821746283526,6.310812181910432,A
25.090316519020863,3.840430955496479,5.68816376764984,A
22.41473138846451,16.430356199170564,1.0,B
30.0,6.993982145796234,8.561511196726853,A
4.25803004816608,16.61507072391511,6.638894509857475,C
28.534858687976307,7.286063791221605,8.384272818510517,A
22.58867996339542,17.65554799676963,2.295624488747095,B
30.0,3.325665212860159,7.5228354880355,A
22.401138351985445,8.916564881789242,1.629491901409971,B
3.9882229195524803,16.43315409858645,7.589182862855218,C
23.746291620043205,14.727922842939346,1.0755340118704457,B
5.90377709284717,19.780173002610802,4.3049150415030875,C
15.242431167126586,16.48376642972978,1.0745753739404127,B
11.917596345651509,13.878267957165269,7.807456505395709,C
21.513224648645142,9.58896282068945,2.4692675898085263,B
30.0,15.909737102034432,1.763444712781054,B
18.486156933850783,9.243937272160911,6.031655545136365,A
21.756740950115564,17.741937519479347,2.1057537912714803,B
23.574661702206715,16.85391468251008,3.32893331953541,B
19.346594834772784,8.8912725153979,2.4818660617184913,B
2.0,21.569065756218357,8.346542140709824,C
30.0,6.750686386998617,6.21510168691776,A
27.45588896020585,13.596746870864427,1.282081109252398,B
24.603501343807505,9.944808222191838,1.0,B
30.0,5.267554891663469,5.006264357428544,A
24.0291619079079,9.521408538663819,6.426299996061421,A
6.567989001674839,17.1013261445186,7.053577271224455,C
19.84912506186795,9.253583968048481,7.6731813512699585,A
4.737422525559358,17.74897458635162,5.973365571326142,C
25.85595669096592,5.964015907690368,9.319329539981695,A
27.398201898146617,20.651535390276525,3.747363197915558,B
12.167216835436074,15.541353851320272,7.114170065532876,C
25.646693281847693,13.170780512060894,7.299292580406492,A
17.93076498238243,26.81769051282037,1.0,B
3.298717192038826,12.134945547309016,6.20020080650201,C
22.820144345904144,9.070747289315342,8.190646274786342,A
24.764753203329498,14.690213842213746,1.8035334165719028,B
11.610533036723982,19.00465418803414,7.33020662787459,C
18.33214724641563,3.261099036798506,7.3213572154502735,A
22.312252703076048,12.916508273335717,2.4583867035514846,B
5.961714798733739,16.13611121597507,6.728363686540688,C
8.466208801324036,20.041018129820852,5.5092614792362715,C
26.413629771536645,5.620435765498583,7.238789159026513,A
5.952199370294857,25.140964530085046,5.570330645731225,C
24.947338876758266,4.235538569104024,8.530750832343697,A
7.535660376865142,14.92530998903773,8.098603023646799,C
27.640916810186727,6.106101554234045,8.669904504351406,A
21.089633944382623,9.320111399980789,8.18703030556038,A
9.072368392846192,19.99183970505666,7.525678358050134,C
10.710448301807478,19.32467852416211,5.3648492336961215,C
6.741220952757798,17.729679298987083,6.232632681231046,C
3.499637221214075,16.02285253561471,7.827268970350307,C
22.570212027294247,11.088388268908128,1.4687857053924016,B
3.6022023927790707,16.540606892257735,7.228257018234321,C
2.0,13.580463168074411,5.531170501436997,C
