x,y,label
1.6389650756585943,1.5007007744874095,0
0.6775703440607823,2.200600200468808,0
2.3198512493668564,2.0857142924176757,0
0.2486442192121967,1.0160789483651058,0
2.135296722852786,2.6778567664387505,0
2.634196371323894,2.168466617753637,0
2.7470946483953242,0.8338144037375261,0
3.7749664270175645,3.212678897776591,0
2.7200138136554277,3.0342611462507016,0
3.492523767316894,2.080220065981602,0
0.8435990833318137,0.617822782845278,0
2.653892952375031,1.229144766161574,0
2.415987973965261,2.526910563675127,0
2.808940668467609,3.1846386868132814,0
2.6660152388621277,2.374321489068851,0
1.5949541195612613,3.447232304070199,0
2.5405444039815888,1.4828334750256884,0
1.8980770353505112,0.677233385379489,0
2.798953882740025,0.8392837588602493,0
3.0518122413635593,3.248673477232683,0
1.274785041283176,1.4461533224731467,0
2.250706198246897,1.9496025026576083,0
3.640359707909478,2.9205154995147686,0
1.8703637645097597,2.9274859907286754,0
2.583937909710122,0.8208977543473879,0
1.9118761897529672,1.5267939093366507,0
2.280393504225104,2.892069793065972,0
0.6414881626707816,1.5727682817869804,0
2.8813898823374693,2.5721775064862547,0
1.2253448894985302,2.20089001662089,0
2.5078065511449763,2.3221475744811593,0
3.5562175046247524,2.360010880544081,0
0.61821198229037,1.9744520108611934,0
1.560596145672163,2.5641290435641872,0
2.0093738926876856,1.3642541380825612,0
0.9180039415806696,2.4560405080466388,0
1.2487044320791898,2.8133480878931962,0
3.857814559394015,4.679717063769239,0
2.07411870281372,1.7751113523478523,0
2.9143172937497144,0.9267483791488214,0
2.011685149608698,2.3687977211204445,0
0.9792413222889351,0.46097110401528774,0
2.9510545206949765,2.44929747711044,0
1.0428629565620888,1.3716140662217735,0
2.202152077819598,2.7154195109329544,0
1.431605880861015,2.4002508713939044,0
2.7718268874021326,2.4441647408043643,0
3.0713330957095066,1.6078181475773878,0
1.613024681396446,1.8740799535763355,0
2.112865183334052,1.8782780499589051,0
3.43606967977157,3.0154243570062107,0
2.6979381121686936,1.8956608429470747,0
1.9376520951629468,2.3417029519774855,0
0.279226186875716,0.45380399970755514,0
1.8141777767625618,1.7397318609963945,0
3.674961554223919,3.6484476787747018,0
0.716218051873158,3.1794601643584444,0
2.0158158110301296,2.317363153363742,0
2.614400293184822,1.4457222555652898,0
0.6343198942621737,1.386252926948948,0
1.769639966053024,0.8602525112582853,0
1.4860700218411917,0.08421895904891086,0
0.3965390354728695,2.5869946612828483,0
3.140978485735844,2.5746807561330725,0
2.1654372133704047,1.6619615592542054,0
3.3086324366197966,3.377195411425824,0
2.683185787303768,3.1567782179389496,0
2.0212775411927577,3.5712119462102976,0
2.839348006863818,2.517286490658143,0
1.9109055815588163,0.6800412651248611,0
1.1494425411484628,2.456585295430891,0
3.2998043880214505,3.4844382465537542,0
1.3840234622857257,2.165846334063036,0
3.7314590453917775,2.4110024323075008,0
1.3994930082681512,1.6964776815013374,0
1.6098427233856094,1.9562909328825853,0
2.4727918355079113,2.7050455326689145,0
2.1033675019865896,1.3890160839602215,0
0.1472754151592548,0.6211083360710425,0
2.7034222878778227,3.3599758965116524,0
2.450556785148681,3.237641388891133,0
1.4069679550431027,0.5862856366913924,0
0.9593013352066475,1.372082262143146,0
0.3396785266786979,2.2364715093326457,0
2.5893804244240335,1.8356442600665437,0
3.1782472355712477,2.362436950605809,0
1.896196051619498,2.237348026436142,0
1.3467871142687693,2.173970363304793,0
1.2619729927578156,2.7155070699151325,0
0.8691149575744024,3.5892841241640214,0
1.8867349607252129,1.0295774043089305,0
2.6861839004215082,3.1686563156646934,0
1.8365242018465693,2.5505246959386616,0
1.6265786514211436,1.553749738764271,0
3.490768483955249,1.975921259269384,0
1.9584938944978951,2.8148926888213675,0
2.437458768147912,1.1917199894359238,0
1.657362228897549,2.0426796086263854,0
2.688580440101201,2.842305546046729,0
2.52107492001934,1.3781046221887165,0
7.970539319969527,3.590245206398708,1
7.588951135827344,4.464850916207559,1
8.72418415070893,1.3379908093759467,1
7.810859350208498,3.7029266007037105,1
9.480321364825924,5.372410125828797,1
8.073377135050546,4.062188505130054,1
7.499505863212632,4.151885388093166,1
8.652515785137105,3.1064534353561637,1
8.550876965104692,2.2123044281552997,1
8.461274232184108,2.620599907202214,1
5.061814283877591,4.070920523530661,1
6.599323305934901,2.7879608228754478,1
8.95318028311272,3.1357703138546458,1
7.405459481542927,2.5167957405277663,1
8.959270058107709,2.7203276908269673,1
8.740745351934502,2.475713237647474,1
7.634733455143191,2.7136661972509915,1
6.46024946550978,5.173669556808231,1
9.84705208371593,1.3394022310534974,1
8.999340557768232,2.853092777027993,1
8.628974871775272,2.25628868675783,1
7.995545784900005,3.870209409270116,1
8.872236562661016,1.7932622014980364,1
8.084650088586837,2.262020678839451,1
6.673562634178092,4.731419076782863,1
9.550888509205715,2.366973437849061,1
6.678391452864059,5.354073807687088,1
9.073695951830148,1.4420699753036013,1
6.548988027657257,3.7433425067239616,1
8.002958127246952,3.7716759261823847,1
8.77298265789761,2.1674919860405906,1
10.294826036289487,-0.3192136776237766,1
7.594838844310926,2.1573779737242242,1
5.871219652390007,3.69863896964936,1
8.446459992917918,2.6842805843681745,1
6.0338896422830715,3.5302482065374887,1
6.997787172382372,4.012445888637215,1
9.081063162973356,2.3810403112899143,1
7.527500808184381,2.8722823146568244,1
7.7468928227306435,2.8677935804075965,1
8.232756432502773,3.429374242018273,1
6.007561396975387,3.7546231041977634,1
5.176695010666371,3.8712171898111256,1
8.425608351458939,3.1627088550256377,1
7.445304144374328,2.9319963358050782,1
7.9337386885727685,2.573260376768398,1
8.93520590011944,2.9143961969015844,1
7.344360721979495,2.9627296827598504,1
7.374573415071793,3.932726105804816,1
7.610855176273222,4.018773665650391,1
8.437840218970589,2.0019787408324423,1
7.658009886594331,3.952360378839134,1
8.076765003006932,3.0405623803018513,1
6.597724048305712,3.8107045628584584,1
7.425103443345862,3.372703904220244,1
8.73790587791473,3.3608709740724594,1
7.691923291077684,4.121586344922955,1
6.879924109718525,4.1410797319142345,1
7.254278024375553,3.435455219030991,1
7.654192176509026,3.2156647691232894,1
8.213577542970176,3.381579482466737,1
9.754793535424778,3.337593740260683,1
8.264142302633577,1.5216690845786909,1
7.392877910131423,4.398784783831513,1
7.773669138059677,3.8546763712046026,1
7.56197883065689,2.5407667978572785,1
7.595770471125522,2.727067817362367,1
7.081992848377649,3.770949770120213,1
8.55420862234866,2.1244055359983465,1
7.36052859417367,3.0757468530223555,1
8.833907355816176,2.409779855675737,1
7.534381138656314,2.958675685972556,1
8.523956107499863,2.7080938298577726,1
8.550345939370866,1.0421902862525794,1
8.515467370950814,2.271085477337339,1
8.468424258438127,4.006931958511425,1
7.177275713525148,3.6627857565114246,1
7.51520383680847,2.4822667985537206,1
7.871703526613056,2.839637834466805,1
7.306902056698312,2.865866999749365,1
8.316602181801537,4.216136731201041,1
8.295044912532477,3.106666809566465,1
7.2017075349660615,3.3970719931481024,1
7.812226418345975,3.2003659824358204,1
7.5289051253864265,2.698085090758107,1
8.227772712063297,3.270225579182153,1
7.222908184152695,4.736362641932511,1
5.75161551136796,4.48103692574399,1
7.336219171223652,3.8471228345146997,1
5.699425887874241,4.492275826770607,1
8.427524124719207,1.9730832298367698,1
9.576470141401062,0.8977748369181766,1
8.7326250629861,2.417768723490107,1
8.642116062689784,4.2340547765261025,1
6.888456983937369,3.534639360400228,1
9.024009514273578,2.4679096572329278,1
10.059084879126853,2.772373886727501,1
6.743987067160428,3.786837280734867,1
10.160554209375697,2.1933181647897153,1
8.718102571721037,3.5197137402524254,1
3.5739005478919816,7.463902681863947,2
5.004690107609382,8.042020720512506,2
4.597449204578767,8.55709391540406,2
4.045091258293202,7.87265191715639,2
5.107595683961634,8.460128081288438,2
5.636487696482793,6.994089532917185,2
3.627846571595772,9.142788890816384,2
5.297230688264818,7.330533289606466,2
6.38739250428058,8.103462538220505,2
6.054795467696319,8.060390365668225,2
6.843188977811101,9.570024578953902,2
4.777319696016177,8.868999476519221,2
5.577241797726347,9.224141279517498,2
4.136946219623419,8.613623080247795,2
5.946683640658404,6.426935581457939,2
3.9416614122896125,6.1760552914493925,2
4.7590352018315745,8.641789304275326,2
6.3437489979851645,8.066272386318616,2
6.456678027644126,6.765599729433967,2
3.4764484295689844,7.950316627709388,2
5.343518580654906,7.970756928301751,2
3.1508235699063665,7.920288613396775,2
3.8332470089183808,8.598973336739805,2
5.3278954394819,7.159345962837622,2
4.5403834565787555,7.052610624947738,2
4.943938111091547,8.854305262731064,2
4.118339821280647,8.450832909007922,2
4.525723167892832,7.290832979819444,2
4.904269135794135,7.07405111755421,2
4.504801007019266,6.928585441370857,2
6.7573035817213425,8.031540679734753,2
4.374146479415202,8.191389450488423,2
4.8995307380445325,7.8023587817931235,2
5.549327396325529,8.67753549325839,2
4.525505348720484,7.484972508493665,2
4.7539862831368955,5.941099118722296,2
3.64477191440957,9.222569511480474,2
6.471303851272507,7.777255394681845,2
5.515688224917412,8.278390601426665,2
7.753834712930168,9.001378243148409,2
4.885587027972384,7.145338647826939,2
3.563150730279868,8.18198340829935,2
4.323499327484668,6.727897609635342,2
4.421687631370244,7.03263405719561,2
6.509025353476959,8.788562571282146,2
4.992869052822328,9.323702278984195,2
5.069200318081677,7.229643991153355,2
6.362323589976638,8.482015796574512,2
4.072258835810322,7.8297559108230415,2
4.216823225236819,6.7631863209181295,2
5.828398382205917,9.707834162184195,2
3.749083133525378,8.503534992992513,2
4.418047594555396,7.564301811334587,2
4.470146766377612,7.227223162825426,2
5.043399063385435,7.256775621517423,2
5.241903938969015,7.955065668884262,2
4.786278369646361,7.188250383106537,2
4.484120038950483,8.675642452221314,2
5.4480339530504525,7.125648008347597,2
5.088845514920608,8.672061074110937,2
3.5068385237661865,8.485996130571559,2
4.407331292596261,8.51035896433807,2
4.317320256608712,6.385664372616607,2
3.544281789051008,8.04300848377172,2
5.232302867654216,7.1911546212333395,2
5.571174459097977,6.513891277914769,2
4.940896431314041,6.916834182191073,2
4.416980061106196,8.04239466044267,2
4.23042289059029,7.656043064791073,2
5.900055650669087,7.48401222563172,2
5.747465748335212,6.9895594713352365,2
5.473871262632786,9.28937817200867,2
2.7892939526007576,7.287235215128381,2
5.5161490017184365,7.818390685716072,2
5.33196296097071,7.459779226040209,2
5.077448260378666,7.860758047645629,2
6.044496029110472,8.227560920205734,2
5.301961000714017,7.631606042153514,2
4.563871734688764,7.613108195124482,2
5.352808721691319,7.623460033365374,2
5.259182511276261,9.856294906531422,2
5.779157621501043,7.708395687923247,2
6.074398394191089,7.6350062903920906,2
3.177045997092863,7.098340192640679,2
3.326712837131508,7.685596781870339,2
5.016473899161282,9.49945111610583,2
5.292412732576859,7.804030529470891,2
5.7418429041776005,6.022300456643347,2
5.210740067367731,8.689482790007926,2
3.677512257536025,9.02300471606037,2
5.302760390918792,7.628555197713491,2
5.565977307017129,10.030969434429558,2
5.162666123649644,8.222015241752962,2
4.589135120969025,7.239876087832512,2
5.742674931978291,7.234295348331871,2
5.064010788526575,7.572770191629685,2
5.428412580087975,8.298436459574923,2
5.928003937892802,7.543827465008456,2
4.758616519704266,7.124567119040191,2
4.602612027409928,8.33746782015699,2
