x,y
-0.09027529589850945,94.0
-0.06979686649477428,48.0
-0.06225218197760866,45.0
-0.05578530953432388,109.0
-0.04608500086939666,69.0
-0.040695940499992665,42.0
-0.035306880130588664,52.0
-0.03099563183506548,43.0
-0.02560657146566148,71.0
-0.023450947317899894,71.0
-0.018061886948495892,168.0
-0.012672826579091896,91.0
-0.008361578283568675,31.0
-0.0051281420619263066,230.0
0.00026091830747769084,259.0
0.005649978676881689,138.0
0.011039039046285686,111.0
0.0175059114895705,128.0
0.02505059600673609,122.0
0.03367309259778249,150.0
0.0422955891888289,166.0
0.05199589785375607,164.0
0.06061839444480248,186.0
0.07139651518361048,295.0
0.09295275666122646,128.0
0.17055522598064407,242.0
